country,year,Access to electricity (% of population),Access to clean fuels for cooking,Renewable-electricity-generating-capacity-per-capita,Renewable energy share in the total final energy consumption (%),Electricity from fossil fuels (TWh),Electricity from nuclear (TWh),Electricity from renewables (TWh),Low-carbon electricity (% electricity),Primary energy consumption per capita (kWh/person),Energy intensity level of primary energy (MJ/$2017 PPP GDP),Value_co2_emissions_kt_by_country,Renewables (% equivalent primary energy),gdp_growth,gdp_per_capita,Density\n(P/Km2),Land Area(Km2),Latitude,Longitude,iso_code,population,gdp,biofuel_cons_change_pct,biofuel_cons_change_twh,biofuel_cons_per_capita,biofuel_consumption,biofuel_elec_per_capita,biofuel_electricity,biofuel_share_elec,biofuel_share_energy,carbon_intensity_elec,coal_cons_change_pct,coal_cons_change_twh,coal_cons_per_capita,coal_consumption,coal_elec_per_capita,coal_electricity,coal_prod_change_pct,coal_prod_change_twh,coal_prod_per_capita,coal_production,coal_share_elec,coal_share_energy,electricity_demand,electricity_demand_per_capita,electricity_generation,electricity_share_energy,energy_cons_change_pct,energy_cons_change_twh,energy_per_capita,energy_per_gdp,fossil_cons_change_pct,fossil_cons_change_twh,fossil_elec_per_capita,fossil_electricity,fossil_energy_per_capita,fossil_fuel_consumption,fossil_share_elec,fossil_share_energy,gas_cons_change_pct,gas_cons_change_twh,gas_consumption,gas_elec_per_capita,gas_electricity,gas_energy_per_capita,gas_prod_change_pct,gas_prod_change_twh,gas_prod_per_capita,gas_production,gas_share_elec,gas_share_energy,greenhouse_gas_emissions,hydro_cons_change_pct,hydro_cons_change_twh,hydro_consumption,hydro_elec_per_capita,hydro_electricity,hydro_energy_per_capita,hydro_share_elec,hydro_share_energy,low_carbon_cons_change_pct,low_carbon_cons_change_twh,low_carbon_consumption,low_carbon_elec_per_capita,low_carbon_electricity,low_carbon_energy_per_capita,low_carbon_share_elec,low_carbon_share_energy,net_elec_imports,net_elec_imports_share_demand,nuclear_cons_change_pct,nuclear_cons_change_twh,nuclear_consumption,nuclear_elec_per_capita,nuclear_electricity,nuclear_energy_per_capita,nuclear_share_elec,nuclear_share_energy,oil_cons_change_pct,oil_cons_change_twh,oil_consumption,oil_elec_per_capita,oil_electricity,oil_energy_per_capita,oil_prod_change_pct,oil_prod_change_twh,oil_prod_per_capita,oil_production,oil_share_elec,oil_share_energy,other_renewable_consumption,other_renewable_electricity,other_renewable_exc_biofuel_electricity,other_renewables_cons_change_pct,other_renewables_cons_change_twh,other_renewables_elec_per_capita,other_renewables_elec_per_capita_exc_biofuel,other_renewables_energy_per_capita,other_renewables_share_elec,other_renewables_share_elec_exc_biofuel,other_renewables_share_energy,per_capita_electricity,primary_energy_consumption,renewables_cons_change_pct,renewables_cons_change_twh,renewables_consumption,renewables_elec_per_capita,renewables_electricity,renewables_energy_per_capita,renewables_share_elec,renewables_share_energy,solar_cons_change_pct,solar_cons_change_twh,solar_consumption,solar_elec_per_capita,solar_electricity,solar_energy_per_capita,solar_share_elec,solar_share_energy,wind_cons_change_pct,wind_cons_change_twh,wind_consumption,wind_elec_per_capita,wind_electricity,wind_energy_per_capita,wind_share_elec,wind_share_energy,continent
Algeria,2000,98.9731,97.1,8.91,0.43,23.84,0.0,0.05,0.20929259,9746.524,4.18,80050.0,0.053235482,3.8,1765.027146,18,2381741.0,28.033886,1.659626,DZA,30774624.0,208554147840.0,,,,,0.0,0.0,0.0,,638.583,-17.376,-1.186,183.286,5.641,0.0,0.0,-100.0,-0.038,0.0,0.0,0.0,1.881,25.33,823.081,25.4,8.471,-3.689,-11.489,9746.524,1.438,-3.554,-11.048,823.731,25.35,9741.336,299.786,99.803,99.947,-6.872,-14.096,191.013,798.71,24.58,6206.832,1.977,17.817,29858.57,918.886,96.772,63.683,16.22,-73.399,-0.441,0.16,1.625,0.05,5.189,0.197,0.053,-73.399,-0.441,0.16,1.625,0.05,5.189,0.197,0.053,-0.07,-0.276,,0.0,0.0,0.0,0.0,0.0,0.0,0.0,4.281,4.234,103.132,25.021,0.77,3351.218,14.11,96.047,25239.395,776.733,3.031,34.384,0.0,0.0,0.0,,0.0,0.0,0.0,0.0,0.0,0.0,0.0,825.355,299.946,-73.399,-0.441,0.16,1.625,0.05,5.189,0.197,0.053,,0.0,0.0,0.0,0.0,0.0,0.0,0.0,,0.0,0.0,0.0,0.0,0.0,0.0,0.0,Africa
Algeria,2001,98.96687,97.3,8.79,0.43,24.96,0.0,0.07,0.2796644,9961.64,4.07,78650.0,0.065218486,3.0,1740.606654,18,2381741.0,28.033886,1.659626,DZA,31200984.0,223420284928.0,,,,,0.0,0.0,0.0,,638.242,15.464,0.872,208.737,6.513,0.0,0.0,,0.0,0.0,0.0,0.0,2.095,26.57,851.576,26.62,8.568,3.623,10.867,9961.64,1.391,3.611,10.824,850.935,26.55,9955.143,310.61,99.737,99.935,3.303,6.309,197.322,826.256,25.78,6324.227,-5.894,-54.161,27714.682,864.725,96.844,63.486,16.99,27.778,0.043,0.203,2.244,0.07,6.497,0.263,0.065,27.778,0.043,0.203,2.244,0.07,6.497,0.263,0.065,-0.05,-0.188,,0.0,0.0,0.0,0.0,0.0,0.0,0.0,3.532,3.643,106.775,24.679,0.77,3422.178,-1.551,-12.049,24508.334,764.684,2.893,34.354,0.0,0.0,0.0,,0.0,0.0,0.0,0.0,0.0,0.0,0.0,853.178,310.813,27.778,0.043,0.203,2.244,0.07,6.497,0.263,0.065,,0.0,0.0,0.0,0.0,0.0,0.0,0.0,,0.0,0.0,0.0,0.0,0.0,0.0,0.0,Africa
Algeria,2002,98.95306,97.8,8.68,0.51,25.94,0.0,0.06,0.23076923,10180.35,4.12,82400.00153,0.05167677,5.6,1781.828908,18,2381741.0,28.033886,1.659626,DZA,31624700.0,245360918528.0,,,,,0.0,0.0,0.0,,637.975,31.25,2.035,270.297,8.548,0.0,0.0,,0.0,0.0,0.0,0.0,2.655,27.63,873.684,27.65,8.591,3.583,11.138,10180.35,1.312,3.597,11.174,872.419,27.59,10175.09,321.784,99.783,99.948,-1.258,-2.483,194.839,853.447,26.99,6160.971,2.855,24.69,28124.088,889.416,97.613,60.518,17.64,-17.391,-0.036,0.166,1.897,0.06,5.261,0.217,0.052,-17.391,-0.036,0.166,1.897,0.06,5.261,0.217,0.052,-0.02,-0.072,,0.0,0.0,0.0,0.0,0.0,0.0,0.0,10.884,11.622,118.397,18.973,0.6,3743.821,7.822,59.813,26071.305,824.497,2.17,36.775,0.0,0.0,0.0,,0.0,0.0,0.0,0.0,0.0,0.0,0.0,874.317,321.951,-17.391,-0.036,0.166,1.897,0.06,5.261,0.217,0.052,,0.0,0.0,0.0,0.0,0.0,0.0,0.0,,0.0,0.0,0.0,0.0,0.0,0.0,0.0,Africa
Algeria,2003,98.93401,98.0,8.57,0.47,27.54,0.0,0.26,0.93525183,10510.461,4.08,88190.00244,0.228104,7.2,2103.381291,18,2381741.0,28.033886,1.659626,DZA,32055882.0,273568645120.0,,,,,0.0,0.0,0.0,,634.089,-17.551,-1.5,219.859,7.048,0.0,0.0,,0.0,0.0,0.0,0.0,2.092,29.58,922.764,29.57,8.79,4.65,14.972,10510.461,1.232,4.466,14.369,914.341,29.31,10486.486,336.154,99.121,99.772,5.693,11.093,205.932,892.816,28.62,6424.146,5.527,49.16,29279.365,938.576,96.787,61.121,18.75,364.912,0.602,0.769,8.111,0.26,23.975,0.879,0.228,364.912,0.602,0.769,8.111,0.26,23.975,0.879,0.228,0.01,0.034,,0.0,0.0,0.0,0.0,0.0,0.0,0.0,4.035,4.777,123.174,21.525,0.69,3842.481,11.441,94.331,28663.324,918.828,2.333,36.559,0.0,0.0,0.0,,0.0,0.0,0.0,0.0,0.0,0.0,0.0,922.452,336.922,364.912,0.602,0.769,8.111,0.26,23.975,0.879,0.228,,0.0,0.0,0.0,0.0,0.0,0.0,0.0,,0.0,0.0,0.0,0.0,0.0,0.0,0.0,Africa
Algeria,2004,98.91208,98.2,8.46,0.44,29.14,0.0,0.25,0.8506295,10759.022,3.96,89489.99786,0.2067869,4.3,2610.185422,18,2381741.0,28.033886,1.659626,DZA,32510184.0,296773582848.0,,,,,0.0,0.0,0.0,,634.56,19.307,1.361,258.642,8.408,0.0,0.0,,0.0,0.0,0.0,0.0,2.404,31.26,961.545,31.25,8.946,3.816,12.856,10759.022,1.179,3.838,12.901,953.547,31.0,10736.774,349.055,99.2,99.793,2.898,5.967,211.899,932.323,30.31,6517.932,-1.921,-18.027,28315.721,920.549,96.992,60.581,19.83,-5.283,-0.045,0.723,7.69,0.25,22.248,0.8,0.207,-5.283,-0.045,0.723,7.69,0.25,22.248,0.8,0.207,0.01,0.032,,0.0,0.0,0.0,0.0,0.0,0.0,0.0,4.524,5.573,128.747,21.224,0.69,3960.2,5.754,52.87,29889.039,971.698,2.208,36.808,0.0,0.0,0.0,,0.0,0.0,0.0,0.0,0.0,0.0,0.0,961.237,349.778,-5.283,-0.045,0.723,7.69,0.25,22.248,0.8,0.207,,0.0,0.0,0.0,0.0,0.0,0.0,0.0,,0.0,0.0,0.0,0.0,0.0,0.0,0.0,Africa
Algeria,2005,98.88961,98.5,8.34,0.58,31.36,0.0,0.55,1.7235976,11113.723,3.9,94190.00244,0.43411878,5.9,3113.094883,18,2381741.0,28.033886,1.659626,DZA,32956690.0,326854475776.0,,,,,0.0,0.0,0.0,,629.313,-17.842,-1.5,209.615,6.908,0.0,0.0,,0.0,0.0,0.0,0.0,1.886,33.99,1031.354,33.91,9.285,4.715,16.494,11113.723,1.121,4.477,15.627,1012.238,33.36,11065.476,364.681,98.378,99.566,5.503,11.661,223.56,990.391,32.64,6783.444,-7.76,-71.432,25764.646,849.117,96.255,61.037,21.34,121.235,0.867,1.59,16.689,0.55,48.247,1.622,0.434,121.235,0.867,1.59,16.689,0.55,48.247,1.622,0.434,0.08,0.235,,0.0,0.0,0.0,0.0,0.0,0.0,0.0,4.246,5.467,134.213,21.847,0.72,4072.417,3.455,33.572,30502.762,1005.27,2.123,36.643,0.0,0.0,0.0,,0.0,0.0,0.0,0.0,0.0,0.0,0.0,1028.926,366.272,121.235,0.867,1.59,16.689,0.55,48.247,1.622,0.434,,0.0,0.0,0.0,0.0,0.0,0.0,0.0,,0.0,0.0,0.0,0.0,0.0,0.0,0.0,Africa
Algeria,2006,98.86901,98.7,7.42,0.41,32.9,0.0,0.22,0.6642512,11341.98,4.1,99809.99756,0.16327195,1.7,3478.710002,18,2381741.0,28.033886,1.659626,DZA,33435082.0,345705316352.0,,,,,0.0,0.0,0.0,,635.822,48.485,3.349,306.793,10.258,0.0,0.0,,0.0,0.0,0.0,0.0,2.705,35.31,1056.076,35.23,9.3,3.535,12.949,11341.98,1.097,3.817,13.919,1047.104,35.01,11323.462,378.601,99.376,99.837,2.209,4.938,228.497,1024.672,34.26,6834.064,-4.254,-36.123,24315.623,812.995,97.247,60.255,22.4,-60.814,-0.971,0.619,6.58,0.22,18.518,0.624,0.163,-60.814,-0.971,0.619,6.58,0.22,18.518,0.624,0.163,0.08,0.227,,0.0,0.0,0.0,0.0,0.0,0.0,0.0,4.197,5.632,139.846,22.432,0.75,4182.604,-0.273,-2.741,29984.354,1002.529,2.129,36.877,0.0,0.0,0.0,,0.0,0.0,0.0,0.0,0.0,0.0,0.0,1053.684,379.22,-60.814,-0.971,0.619,6.58,0.22,18.518,0.624,0.163,,0.0,0.0,0.0,0.0,0.0,0.0,0.0,,0.0,0.0,0.0,0.0,0.0,0.0,0.0,Africa
Algeria,2007,98.852936,98.8,7.3,0.41,34.75,0.0,0.22,0.62911063,11759.701,4.21,102750.0,0.15990457,3.4,3950.512993,18,2381741.0,28.033886,1.659626,DZA,33983836.0,371665272832.0,,,,,0.0,0.0,0.0,,635.924,-14.172,-1.454,259.062,8.804,0.0,0.0,,0.0,0.0,0.0,0.0,2.203,37.2,1094.638,37.19,9.316,5.385,20.42,11759.701,1.075,5.388,20.4,1087.87,36.97,11740.897,399.001,99.408,99.84,2.324,5.309,233.807,1064.624,36.18,6879.941,0.426,3.465,24024.947,816.46,97.284,58.504,23.65,3.86,0.02,0.639,6.474,0.22,18.804,0.592,0.16,3.86,0.02,0.639,6.474,0.22,18.804,0.592,0.16,0.01,0.027,,0.0,0.0,0.0,0.0,0.0,0.0,0.0,11.83,16.544,156.39,23.246,0.79,4601.894,0.325,3.256,29596.002,1005.786,2.124,39.133,0.0,0.0,0.0,,0.0,0.0,0.0,0.0,0.0,0.0,0.0,1094.344,399.64,3.86,0.02,0.639,6.474,0.22,18.804,0.592,0.16,,0.0,0.0,0.0,0.0,0.0,0.0,0.0,,0.0,0.0,0.0,0.0,0.0,0.0,0.0,Africa
Algeria,2008,99.3,99.0,6.64,0.3,37.55,0.0,0.28,0.74015325,12252.297,4.16,107750.0,0.1877543,2.4,4923.631615,18,2381741.0,28.033886,1.659626,DZA,34569592.0,395658526720.0,,,,,0.0,0.0,0.0,,635.347,0.0,0.0,254.672,8.804,0.0,0.0,,0.0,0.0,0.0,0.0,2.079,40.18,1162.293,40.23,9.51,5.985,23.917,12252.297,1.071,5.955,23.761,1155.64,39.95,12229.293,422.762,99.304,99.812,4.378,10.235,244.042,1132.787,39.16,7059.438,1.169,9.548,23894.057,826.008,97.34,57.617,25.56,25.221,0.156,0.795,8.1,0.28,23.004,0.696,0.188,25.221,0.156,0.795,8.1,0.28,23.004,0.696,0.188,-0.05,-0.124,,0.0,0.0,0.0,0.0,0.0,0.0,0.0,8.649,13.526,169.916,22.852,0.79,4915.184,-1.99,-20.015,28515.539,985.771,1.964,40.116,0.0,0.0,0.0,,0.0,0.0,0.0,0.0,0.0,0.0,0.0,1163.74,423.557,25.221,0.156,0.795,8.1,0.28,23.004,0.696,0.188,,0.0,0.0,0.0,0.0,0.0,0.0,0.0,,0.0,0.0,0.0,0.0,0.0,0.0,0.0,Africa
Algeria,2009,98.845184,99.1,6.44,0.31,35.91,0.0,0.3,0.8285005,12753.12,4.48,112169.9982,0.21278548,1.6,3883.2709,18,2381741.0,28.033886,1.659626,DZA,35196040.0,418247704576.0,,,,,0.0,0.0,0.0,,634.545,-35.799,-3.152,160.591,5.652,0.0,0.0,,0.0,0.0,0.0,0.0,1.259,38.47,1093.021,38.5,8.59,5.974,25.302,12753.12,1.073,5.947,25.143,1085.349,38.2,12725.983,447.904,99.221,99.787,7.407,18.076,262.118,1068.018,37.59,7447.361,-7.305,-60.339,21754.398,765.669,97.636,58.396,24.43,20.848,0.16,0.955,8.524,0.3,27.137,0.779,0.213,20.848,0.16,0.955,8.524,0.3,27.137,0.779,0.213,-0.03,-0.078,,0.0,0.0,0.0,0.0,0.0,0.0,0.0,6.014,10.219,180.134,17.331,0.61,5118.031,-8.88,-87.539,25520.811,898.231,1.584,40.132,0.0,0.0,0.0,,0.0,0.0,0.0,0.0,0.0,0.0,0.0,1093.873,448.859,20.848,0.16,0.955,8.524,0.3,27.137,0.779,0.213,,0.0,0.0,0.0,0.0,0.0,0.0,0.0,,0.0,0.0,0.0,0.0,0.0,0.0,0.0,Africa
Algeria,2010,98.85893,99.2,7.02,0.26,42.82,0.0,0.17,0.3954408,12243.156,4.42,114180.0003,0.11513238,3.6,4480.786318,18,2381741.0,28.033886,1.659626,DZA,35856348.0,450705784832.0,,,,,0.0,0.0,0.0,,637.0,-36.214,-2.047,100.548,3.605,0.0,0.0,,0.0,0.0,0.0,0.0,0.821,45.66,1273.415,45.73,10.425,-2.198,-9.864,12243.156,0.974,-2.102,-9.415,1270.626,45.56,12229.061,438.489,99.628,99.885,-3.375,-8.845,253.272,1243.852,44.6,7063.526,1.084,8.297,21585.174,773.966,97.529,57.694,29.13,-49.415,-0.475,0.48,4.741,0.17,13.392,0.372,0.109,-46.754,-0.45,0.505,4.741,0.17,14.096,0.372,0.115,-0.07,-0.153,,0.0,0.0,0.0,0.0,0.0,0.0,0.0,0.82,1.477,181.612,26.774,0.96,5064.986,-4.479,-40.228,23928.91,858.003,2.099,41.37,0.0,0.0,0.0,,0.0,0.0,0.0,0.0,0.0,0.0,0.0,1275.367,438.995,-46.754,-0.45,0.505,4.741,0.17,14.096,0.372,0.115,,0.025,0.025,0.0,0.0,0.704,0.0,0.006,,0.0,0.0,0.0,0.0,0.0,0.0,0.0,Africa
Algeria,2011,98.88803,99.3,6.89,0.18,47.67,0.0,0.5,1.0379905,12710.541,4.47,120790.0009,0.2352599,2.9,5455.679403,18,2381741.0,28.033886,1.659626,DZA,36543548.0,482028650496.0,,,,,0.0,0.0,0.0,,633.346,-11.29,-0.407,87.519,3.198,0.0,0.0,,0.0,0.0,0.0,0.0,0.689,51.08,1397.784,51.22,11.041,5.807,25.493,12710.541,0.964,5.68,24.906,1387.933,50.72,12680.638,463.396,99.024,99.765,5.803,14.697,267.97,1358.653,49.65,7332.884,2.845,22.022,21781.889,795.987,96.935,57.691,32.44,118.497,0.563,1.043,13.682,0.5,28.535,0.976,0.224,117.528,0.587,1.093,13.682,0.5,29.903,0.976,0.235,-0.14,-0.274,,0.0,0.0,0.0,0.0,0.0,0.0,0.0,5.845,10.616,192.228,29.28,1.07,5260.235,-2.846,-24.423,22810.602,833.58,2.089,41.385,0.0,0.0,0.0,,0.0,0.0,0.0,0.0,0.0,0.0,0.0,1401.615,464.488,117.528,0.587,1.093,13.682,0.5,29.903,0.976,0.235,99.107,0.025,0.05,0.0,0.0,1.368,0.0,0.011,,0.0,0.0,0.0,0.0,0.0,0.0,0.0,Africa
Algeria,2012,98.76466,99.4,6.76,0.18,53.36,0.0,0.62,1.1485735,13624.909,4.72,134929.9927,0.22453195,3.4,5592.220115,18,2381741.0,28.033886,1.659626,DZA,37260568.0,498417631232.0,,,,,0.0,0.0,0.0,,632.753,6.182,0.198,91.141,3.396,0.0,0.0,,0.0,0.0,0.0,0.0,0.669,57.35,1539.161,57.4,11.318,9.297,43.184,13624.909,1.019,9.309,43.136,1523.863,56.78,13594.317,506.532,98.92,99.775,11.483,30.771,298.741,1495.415,55.72,8017.611,-1.451,-11.55,21052.752,784.438,97.073,58.845,36.32,2.91,0.024,1.067,16.64,0.62,28.626,1.08,0.21,4.949,0.047,1.14,16.64,0.62,30.592,1.08,0.225,-0.05,-0.087,,0.0,0.0,0.0,0.0,0.0,0.0,0.0,6.33,12.168,204.395,28.448,1.06,5485.565,-6.227,-51.905,20978.627,781.676,1.847,40.261,0.0,0.0,0.0,,0.0,0.0,0.0,0.0,0.0,0.0,0.0,1540.503,507.672,4.949,0.047,1.14,16.64,0.62,30.592,1.08,0.225,47.488,0.023,0.073,0.0,0.0,1.966,0.0,0.014,,0.0,0.0,0.0,0.0,0.0,0.0,0.0,Africa
Algeria,2013,99.002205,99.4,6.62,0.13,55.99,0.0,0.33,0.5859375,14130.735,4.76,139020.0043,0.064763196,2.8,5499.587331,18,2381741.0,28.033886,1.659626,DZA,38000628.0,512373325824.0,,,,,0.0,0.0,0.0,,635.999,-45.89,-1.558,48.356,1.838,0.0,0.0,,0.0,0.0,0.0,0.0,0.342,59.8,1573.658,59.89,11.154,5.772,29.305,14130.735,1.048,5.942,30.097,1567.343,59.56,14121.583,536.629,99.449,99.935,7.523,22.474,321.215,1543.659,58.66,8452.89,1.141,8.951,20878.307,793.389,97.946,59.819,38.09,-74.55,-0.797,0.27,8.684,0.33,7.1,0.551,0.05,-69.306,-0.792,0.348,8.684,0.33,9.152,0.551,0.065,-0.09,-0.151,,0.0,0.0,0.0,0.0,0.0,0.0,0.0,4.492,9.181,213.576,23.684,0.9,5620.338,-3.612,-28.238,19826.984,753.438,1.503,39.774,0.0,0.0,0.0,,0.0,0.0,0.0,0.0,0.0,0.0,0.0,1576.027,536.977,-69.306,-0.792,0.348,8.684,0.33,9.152,0.551,0.065,7.024,0.005,0.078,0.0,0.0,2.051,0.0,0.015,,0.0,0.0,0.0,0.0,0.0,0.0,0.0,Africa
Algeria,2014,99.08701,99.5,6.78,0.07,60.15,0.0,0.25,0.41390726,15108.635,5.0,147740.0055,0.117502466,3.8,5493.056695,18,2381741.0,28.033886,1.659626,DZA,38760168.0,531843514368.0,,,,,0.0,0.0,0.0,,637.0,13.291,0.244,53.709,2.082,0.0,0.0,,0.0,0.0,0.0,0.0,0.355,64.08,1653.244,64.27,10.983,9.057,48.636,15108.635,1.101,9.0,48.296,1651.696,64.02,15090.883,584.925,99.611,99.882,12.36,39.703,360.918,1634.41,63.35,9311.576,1.051,8.335,20684.225,801.724,98.569,61.631,40.94,94.949,0.253,0.523,6.45,0.25,13.49,0.389,0.089,99.06,0.34,0.688,6.45,0.25,17.753,0.389,0.118,-0.19,-0.297,,0.0,0.0,0.0,0.0,0.0,0.0,0.0,3.909,8.349,221.925,17.286,0.67,5725.598,6.154,46.369,20634.76,799.807,1.042,37.896,0.0,0.0,0.0,,0.0,0.0,0.0,0.0,0.0,0.0,0.0,1658.145,585.613,99.06,0.34,0.688,6.45,0.25,17.753,0.389,0.118,109.79,0.085,0.163,0.0,0.0,4.194,0.0,0.028,,0.003,0.003,0.0,0.0,0.07,0.0,0.0,Africa
Algeria,2015,99.18666,99.5,7.85,0.06,64.46,0.0,0.22,0.34013605,15616.311,5.05,156270.0043,0.096813366,3.7,4177.889542,18,2381741.0,28.033886,1.659626,DZA,39543148.0,551521746944.0,,,,,0.0,0.0,0.0,,637.42,-25.698,-0.535,39.117,1.547,0.0,0.0,,0.0,0.0,0.0,0.0,0.25,68.81,1740.124,68.84,11.155,5.448,31.905,15616.312,1.12,5.47,31.995,1735.32,68.62,15601.193,616.92,99.68,99.903,5.072,18.307,379.225,1711.295,67.67,9590.157,1.545,12.387,20587.924,814.111,98.3,61.411,43.88,-24.87,-0.132,0.39,3.54,0.14,9.875,0.203,0.063,-12.598,-0.09,0.598,5.564,0.22,15.119,0.32,0.097,-0.03,-0.044,,0.0,0.0,0.0,0.0,0.0,0.0,0.0,6.409,14.223,236.148,24.024,0.95,5971.919,-2.248,-17.98,19771.484,781.827,1.38,38.242,0.0,0.0,0.0,,0.0,0.0,0.0,0.0,0.0,0.0,0.0,1740.883,617.518,-12.598,-0.09,0.598,5.564,0.22,15.119,0.32,0.097,-3.333,-0.006,0.156,1.517,0.06,3.95,0.087,0.025,1800.0,0.048,0.051,0.506,0.02,1.294,0.029,0.008,Africa
Algeria,2016,99.35025,99.6,11.88,0.08,66.43,0.0,0.34,0.50921077,15295.143,4.85,154910.0037,0.14580712,3.2,3946.452447,18,2381741.0,28.033886,1.659626,DZA,40339328.0,569170395136.0,,,,,0.0,0.0,0.0,,636.402,-63.158,-0.977,14.127,0.57,0.0,0.0,,0.0,0.0,0.0,0.0,0.092,70.79,1754.863,71.04,11.524,-0.085,-0.522,15295.143,1.084,-0.134,-0.824,1752.632,70.7,15272.842,616.096,99.521,99.854,1.777,6.737,385.962,1727.594,69.69,9567.896,12.26,99.811,22655.871,913.923,98.1,62.555,45.21,-50.345,-0.198,0.193,5.454,0.22,4.778,0.31,0.031,51.375,0.302,0.9,8.428,0.34,22.301,0.479,0.146,-0.25,-0.353,,0.0,0.0,0.0,0.0,0.0,0.0,0.0,-2.788,-6.585,229.564,25.038,1.01,5690.82,1.773,13.863,19724.912,795.69,1.422,37.207,0.0,0.0,0.0,,0.0,0.0,0.0,0.0,0.0,0.0,0.0,1761.061,616.996,51.375,0.302,0.9,8.428,0.34,22.301,0.479,0.146,322.414,0.5,0.656,2.231,0.09,16.259,0.127,0.106,0.274,-0.0,0.051,0.744,0.03,1.264,0.042,0.008,Africa
Algeria,2017,99.63549,99.6,16.02,0.14,70.86,0.0,0.64,0.8951049,15164.0,4.93,158339.9963,0.24701829,1.3,4109.698217,18,2381741.0,28.033886,1.659626,DZA,41136548.0,577138786304.0,,,,,0.0,0.0,0.0,,634.153,271.429,1.547,51.454,2.117,0.0,0.0,,,,,0.0,0.339,75.73,1840.942,76.07,12.212,1.102,6.799,15164.0,1.081,0.999,6.158,1833.649,75.43,15126.544,622.254,99.159,99.753,2.244,8.663,394.625,1824.655,75.06,9593.051,1.733,15.843,22601.928,929.765,98.672,63.262,48.24,-22.222,-0.044,0.149,1.459,0.06,3.623,0.079,0.024,72.295,0.641,1.541,15.558,0.64,37.458,0.841,0.247,-0.34,-0.449,,0.0,0.0,0.0,0.0,0.0,0.0,0.0,-1.765,-4.052,225.512,8.994,0.37,5482.038,-2.586,-20.573,18842.521,775.116,0.486,36.152,0.0,0.0,0.0,,0.0,0.0,0.0,0.0,0.0,0.0,0.0,1849.207,623.795,72.295,0.641,1.541,15.558,0.64,37.458,0.841,0.247,105.714,0.685,1.341,13.856,0.57,32.606,0.749,0.215,-0.273,-0.0,0.051,0.243,0.01,1.229,0.013,0.008,Africa
Algeria,2018,99.69784,99.6,16.25,0.19,71.32,0.0,0.78,1.0818309,15971.084,5.19,165539.9933,0.28767928,1.1,4142.018558,18,2381741.0,28.033886,1.659626,DZA,41927008.0,584064434176.0,,,,,0.0,0.0,0.0,,633.033,174.725,3.698,138.693,5.815,0.0,0.0,,,,,0.0,0.868,76.62,1827.462,76.71,11.475,7.346,45.825,15971.084,1.146,7.302,45.435,1811.005,75.93,15925.02,667.688,98.983,99.712,10.0,39.462,434.087,1800.749,75.5,10353.41,0.933,8.672,22382.648,938.438,98.423,64.826,48.56,108.929,0.161,0.31,2.862,0.12,7.383,0.156,0.046,26.079,0.39,1.931,18.604,0.78,46.065,1.017,0.288,-0.09,-0.117,,0.0,0.0,0.0,0.0,0.0,0.0,0.0,1.008,2.274,227.786,10.256,0.43,5432.916,-1.975,-15.305,18122.236,759.811,0.561,34.017,0.0,0.0,0.0,,0.0,0.0,0.0,0.0,0.0,0.0,0.0,1829.608,669.62,26.079,0.39,1.931,18.604,0.78,46.065,1.017,0.288,19.643,0.254,1.595,15.503,0.65,38.051,0.847,0.238,-47.368,-0.024,0.026,0.239,0.01,0.631,0.013,0.004,Africa
Algeria,2019,99.5,99.7,15.93,0.16,75.85,0.0,0.84,1.0953188,16259.053,5.32,171250.0,0.29474697,1.0,3989.668276,18,2381741.0,28.033886,1.659626,DZA,42705372.0,589905133568.0,,,,,0.0,0.0,0.0,,632.998,-17.4,-1.012,112.473,4.803,0.0,0.0,,,,,0.0,0.692,81.44,1907.02,81.58,11.77,3.693,24.729,16259.053,1.177,3.686,24.612,1890.629,80.74,16211.092,692.301,98.97,99.705,3.792,16.459,450.546,1881.73,80.36,10550.106,-7.344,-68.915,20360.963,869.522,98.505,64.888,51.64,29.915,0.091,0.401,3.512,0.15,9.382,0.184,0.058,6.438,0.117,2.048,19.67,0.84,47.96,1.03,0.295,-0.14,-0.172,,0.0,0.0,0.0,0.0,0.0,0.0,0.0,4.024,9.165,236.951,8.898,0.38,5548.513,-1.534,-11.653,17519.061,748.158,0.466,34.126,0.0,0.0,0.0,,0.0,0.0,0.0,0.0,0.0,0.0,0.0,1910.298,694.349,6.438,0.117,2.048,19.67,0.84,47.96,1.03,0.295,1.99,0.026,1.621,15.923,0.68,37.961,0.834,0.233,0.0,-0.0,0.026,0.234,0.01,0.617,0.012,0.004,Africa
Algeria,2020,99.80413,99.7,15.64,,72.01,0.0,0.72,0.9899628,14933.807,,,0.29789943,-5.1,3306.858208,18,2381741.0,28.033886,1.659626,DZA,43451668.0,559819915264.0,,,,,0.0,0.0,0.0,,633.678,-68.281,-3.28,35.063,1.524,0.0,0.0,,,,,0.0,0.235,79.16,1821.794,79.22,12.231,-6.546,-45.45,14933.807,1.159,-6.551,-45.351,1806.375,78.49,14888.941,646.949,99.079,99.7,-3.783,-17.046,433.5,1798.09,78.13,9976.61,-6.357,-55.276,18739.121,814.246,98.624,66.806,50.2,-67.368,-0.27,0.13,1.151,0.05,2.998,0.063,0.02,-4.466,-0.099,1.949,16.8,0.73,44.866,0.921,0.3,-0.06,-0.076,,0.0,0.0,0.0,0.0,0.0,0.0,0.0,-10.562,-25.026,211.925,8.285,0.36,4877.268,-10.423,-77.979,15423.545,670.179,0.454,32.659,0.0,0.0,0.0,,0.0,0.0,0.0,0.0,0.0,0.0,0.0,1823.175,648.899,-4.466,-0.099,1.949,16.8,0.73,44.866,0.921,0.3,11.382,0.178,1.799,15.419,0.67,41.403,0.846,0.277,-23.0,-0.006,0.02,0.23,0.01,0.465,0.013,0.003,Africa
Egypt,2000,97.7,83.5,42.53,8.26,60.77,0.0,13.7,18.39667,7965.8477,3.27,,7.416068,,,103,1001450.0,26.820553,30.802498,EGY,71371368.0,444250292224.0,,,,,0.0,0.0,0.0,,525.641,20.382,1.712,141.671,10.111,0.0,0.0,48.718,0.143,6.136,0.438,0.0,1.778,73.17,1025.201,73.32,13.562,5.894,31.645,7965.848,1.28,5.886,29.261,827.503,59.06,7375.095,526.371,80.551,92.584,21.951,34.65,192.5,591.133,42.19,2697.16,25.0,40.425,2832.018,202.125,57.542,33.859,38.54,5.487,2.181,41.924,198.679,14.18,587.409,19.34,7.374,5.993,2.384,42.163,199.8,14.26,590.753,19.449,7.416,-0.15,-0.205,,0.0,0.0,0.0,0.0,0.0,0.0,0.0,-2.146,-7.101,323.759,236.369,16.87,4536.264,-5.909,-28.423,6341.555,452.605,23.009,56.946,0.0,0.0,,,0.0,0.0,,0.0,0.0,,0.0,1027.303,568.533,5.993,2.384,42.163,199.8,14.26,590.753,19.449,7.416,,0.001,0.001,0.0,0.0,0.008,0.0,0.0,570.833,0.203,0.238,1.121,0.08,3.335,0.109,0.042,Africa
Egypt,2001,97.34408,86.7,41.73,7.82,64.17,0.0,15.2,19.150812,8143.846,3.59,,7.225909,,,103,1001450.0,26.820553,30.802498,EGY,72854256.0,475678998528.0,,,,,0.0,0.0,0.0,,533.763,-12.032,-1.217,122.089,8.895,0.0,0.0,-36.207,-0.159,3.835,0.279,0.0,1.499,80.5,1104.946,80.71,14.284,4.359,24.78,8143.846,1.247,4.573,24.071,907.565,66.12,7555.379,550.442,81.923,92.774,22.5,43.312,235.812,665.301,48.47,3236.771,20.0,40.425,3329.25,242.55,60.055,39.745,43.08,1.661,0.42,42.344,197.792,14.41,581.212,17.854,7.137,2.347,0.709,42.872,200.263,14.59,588.467,18.077,7.226,-0.21,-0.261,,0.0,0.0,0.0,0.0,0.0,0.0,0.0,-5.567,-18.025,305.734,242.264,17.65,4196.52,-3.384,-15.316,6002.245,437.289,21.868,51.53,0.0,0.0,,,0.0,0.0,,0.0,0.0,,0.0,1107.828,593.314,2.347,0.709,42.872,200.263,14.59,588.467,18.077,7.226,350.0,0.002,0.003,0.0,0.0,0.036,0.0,0.0,122.36,0.288,0.526,2.471,0.18,7.218,0.223,0.089,Africa
Egypt,2002,97.53618,89.4,40.95,7.35,71.88,0.0,12.93,15.245844,8202.89,3.59,,6.795776,,,103,1001450.0,26.820553,30.802498,EGY,74393760.0,501912305664.0,,,,,0.0,0.0,0.0,,542.966,7.279,0.647,128.265,9.542,0.0,0.0,0.0,0.0,3.755,0.279,0.0,1.564,85.45,1148.618,86.23,14.791,2.853,16.93,8202.89,1.216,3.33,18.331,968.226,72.03,7645.44,568.773,83.532,93.204,8.163,19.25,255.062,772.242,57.45,3428.547,8.333,20.213,3532.051,262.763,66.624,41.797,46.82,-2.907,-1.496,40.848,188.053,13.99,549.073,16.224,6.694,-2.641,-1.402,41.471,190.876,14.2,557.45,16.468,6.796,-0.78,-0.913,,0.0,0.0,0.0,0.0,0.0,0.0,0.0,-0.512,-1.566,304.168,195.984,14.58,4088.628,-0.956,-4.181,5821.83,433.108,16.908,49.844,0.0,0.0,,,0.0,0.0,,0.0,0.0,,0.0,1159.103,610.244,-2.641,-1.402,41.471,190.876,14.2,557.45,16.468,6.796,11.111,0.0,0.003,0.0,0.0,0.039,0.0,0.0,18.715,0.094,0.62,2.823,0.21,8.337,0.244,0.102,Africa
Egypt,2003,98.8,92.0,40.21,7.45,77.22,0.0,13.26,14.655171,8503.993,3.62,,5.937698,,,103,1001450.0,26.820553,30.802498,EGY,75963328.0,528750444544.0,,,,,0.0,0.0,0.0,,556.026,3.688,0.352,130.248,9.894,0.0,0.0,0.0,0.0,3.678,0.279,0.0,1.532,91.27,1201.501,92.19,14.849,5.858,35.748,8503.993,1.222,6.833,38.862,1039.449,78.96,7999.052,607.635,85.649,94.062,12.075,30.8,285.862,842.775,64.02,3763.164,10.256,26.95,3813.847,289.712,69.444,44.252,51.26,-7.542,-3.323,37.525,170.345,12.94,493.984,14.036,5.809,-6.912,-3.114,38.357,174.163,13.23,504.942,14.351,5.938,-0.92,-1.008,,0.0,0.0,0.0,0.0,0.0,0.0,0.0,2.535,7.71,311.878,196.674,14.94,4105.64,-0.451,-1.955,5675.804,431.153,16.206,48.279,0.0,0.0,,,0.0,0.0,,0.0,0.0,,0.0,1213.612,645.992,-6.912,-3.114,38.357,174.163,13.23,504.942,14.351,5.938,0.0,-0.0,0.003,0.0,0.0,0.038,0.0,0.0,34.588,0.209,0.829,3.818,0.29,10.919,0.315,0.128,Africa
Egypt,2004,97.90703,93.85,40.51,7.57,83.17,0.0,13.04,13.553685,8798.149,3.79,,5.634644,,,103,1001450.0,26.820553,30.802498,EGY,77522424.0,561597906944.0,,,,,0.0,0.0,0.0,,559.898,2.208,0.218,130.446,10.113,0.0,0.0,-10.811,-0.03,3.214,0.249,0.0,1.483,97.55,1258.346,98.25,14.955,5.582,36.062,8798.149,1.214,5.923,35.988,1095.425,84.92,8302.405,643.623,86.433,94.365,6.734,19.25,305.112,960.367,74.45,3935.797,9.635,27.913,4097.202,317.625,75.776,44.734,55.01,-0.831,-0.549,36.976,165.501,12.83,476.971,13.059,5.421,0.836,0.074,38.431,171.95,13.33,495.744,13.567,5.635,-0.7,-0.718,,0.0,0.0,0.0,0.0,0.0,0.0,0.0,5.297,16.519,328.398,135.058,10.47,4236.162,-6.02,-25.956,5226.834,405.197,10.656,48.148,0.0,0.0,,,0.0,0.0,,0.0,0.0,,0.0,1267.375,682.054,0.836,0.074,38.431,171.95,13.33,495.744,13.567,5.635,0.0,-0.0,0.003,0.0,0.0,0.037,0.0,0.0,76.241,0.623,1.452,6.45,0.5,18.736,0.509,0.213,Africa
Egypt,2005,99.4,95.5,39.78,6.48,90.09,0.0,13.07,12.669639,8844.943,4.17,,5.385706,,,103,1001450.0,26.820553,30.802498,EGY,79075312.0,600297439232.0,,,,,0.0,0.0,0.0,,566.991,-2.16,-0.218,125.122,9.894,0.0,0.0,-24.242,-0.06,2.387,0.189,0.0,1.415,104.16,1317.225,104.94,15.549,2.546,17.363,8844.942,1.165,2.816,18.125,1160.792,91.79,8368.58,661.748,87.469,94.614,-0.315,-0.963,304.15,971.1,76.79,3846.333,28.788,91.438,5173.075,409.062,73.175,43.486,59.5,-1.461,-0.771,36.205,159.848,12.64,457.855,12.045,5.176,-1.36,-0.763,37.669,166.297,13.15,476.363,12.531,5.386,-0.78,-0.749,,0.0,0.0,0.0,0.0,0.0,0.0,0.0,5.879,19.307,347.704,189.693,15.0,4397.125,-4.803,-19.461,4878.078,385.736,14.294,49.713,0.0,0.0,,,0.0,0.0,,0.0,0.0,,0.0,1327.089,699.417,-1.36,-0.763,37.669,166.297,13.15,476.363,12.531,5.386,0.0,-0.0,0.003,0.0,0.0,0.036,0.0,0.0,1.202,0.008,1.461,6.45,0.51,18.472,0.486,0.209,Africa
Egypt,2006,99.04,96.7,40.19,6.22,96.08,0.0,13.42,12.255708,9136.145,4.12,,5.1723137,,,103,1001450.0,26.820553,30.802498,EGY,80629664.0,650403840000.0,,,,,0.0,0.0,0.0,,570.213,0.056,0.006,122.778,9.9,0.0,0.0,0.0,0.0,2.341,0.189,0.0,1.344,111.31,1380.509,111.66,15.684,5.323,37.228,9136.145,1.133,5.56,36.795,1218.782,98.27,8663.595,698.543,88.008,94.828,15.506,47.163,351.312,1030.142,83.06,4357.112,28.706,117.425,6529.7,526.487,74.387,47.691,63.67,1.111,0.172,36.377,158.502,12.78,451.162,11.445,4.938,1.79,0.433,38.102,166.068,13.39,472.55,11.992,5.172,-0.35,-0.314,,0.0,0.0,0.0,0.0,0.0,0.0,0.0,-2.983,-10.373,337.331,188.64,15.21,4183.705,-0.017,-0.065,4783.234,385.671,13.622,45.793,0.0,0.0,,,0.0,0.0,,0.0,0.0,,0.0,1384.85,736.644,1.79,0.433,38.102,166.068,13.39,472.55,11.992,5.172,0.0,-0.0,0.003,0.0,0.0,0.035,0.0,0.0,18.613,0.261,1.722,7.565,0.61,21.352,0.546,0.234,Africa
Egypt,2007,98.46563,97.6,40.51,6.05,102.6,0.0,16.18,13.621822,9542.583,4.11,,5.3631554,,,103,1001450.0,26.820553,30.802498,EGY,82218760.0,713462317056.0,,,,,0.0,0.0,0.0,,567.579,-9.096,-0.9,109.453,8.999,0.0,0.0,0.0,0.0,2.296,0.189,0.0,1.147,119.3,1451.007,119.86,15.826,6.507,47.935,9542.583,1.1,6.293,43.958,1276.838,104.98,9030.8,742.501,87.586,94.637,5.096,17.903,369.215,1085.032,89.21,4490.642,1.81,9.529,6519.391,536.016,74.428,47.059,68.03,11.209,3.825,40.202,172.953,14.22,488.96,11.864,5.124,11.132,3.977,42.078,180.981,14.88,511.784,12.414,5.363,-0.56,-0.469,,0.0,0.0,0.0,0.0,0.0,0.0,0.0,7.991,26.956,364.287,191.805,15.77,4430.705,1.955,7.54,4782.489,393.21,13.157,46.431,0.0,0.0,,,0.0,0.0,,0.0,0.0,,0.0,1457.818,784.579,11.132,3.977,42.078,180.981,14.88,511.784,12.414,5.363,20.0,0.001,0.003,0.0,0.0,0.041,0.0,0.0,9.483,0.151,1.873,8.027,0.66,22.782,0.551,0.239,Africa
Egypt,2008,99.8,98.2,40.97,6.17,108.85,0.0,15.44,12.42256,9921.167,3.97,,5.414237,,,103,1001450.0,26.820553,30.802498,EGY,83844784.0,775303659520.0,,,,,0.0,0.0,0.0,,567.391,-10.011,-0.901,96.586,8.098,0.0,0.0,0.0,0.0,2.251,0.189,0.0,0.974,127.9,1525.438,128.8,16.043,6.023,47.259,9921.167,1.073,5.966,44.299,1344.985,112.77,9384.012,786.8,87.554,94.586,6.465,23.87,393.085,1131.376,94.86,4688.246,5.89,31.57,6769.487,567.586,73.649,47.255,73.08,6.179,2.219,42.421,180.095,15.1,505.942,11.724,5.1,7.702,2.959,45.038,191.187,16.03,537.155,12.446,5.414,-0.9,-0.704,,0.0,0.0,0.0,0.0,0.0,0.0,0.0,5.855,21.33,385.617,213.609,17.91,4599.18,2.497,9.82,4806.862,403.03,13.905,46.357,0.0,0.0,,,0.0,0.0,,0.0,0.0,,0.0,1536.172,831.838,7.702,2.959,45.038,191.187,16.03,537.155,12.446,5.414,25.0,0.001,0.004,0.0,0.0,0.05,0.0,0.001,40.363,0.74,2.613,11.092,0.93,31.163,0.722,0.314,Africa
Egypt,2009,98.86971,98.8,40.78,5.9,117.81,0.0,13.86,10.526316,10077.901,3.88,,4.800595,,,103,1001450.0,26.820553,30.802498,EGY,85501064.0,831414992896.0,,,,,0.0,0.0,0.0,,576.45,-11.119,-0.9,84.184,7.198,0.0,0.0,176.0,0.332,6.093,0.521,0.0,0.835,133.33,1559.396,134.27,16.078,3.586,29.833,10077.901,1.036,4.258,33.506,1397.176,119.46,9594.103,820.306,88.97,95.199,4.163,16.362,409.447,1154.839,98.74,4788.8,6.308,35.805,7057.12,603.391,73.538,47.518,77.4,-8.767,-3.958,38.463,161.051,13.77,449.85,10.255,4.464,-7.583,-3.672,41.365,173.214,14.81,483.799,11.03,4.801,-0.94,-0.705,,0.0,0.0,0.0,0.0,0.0,0.0,0.0,4.679,18.043,403.661,242.336,20.72,4721.119,1.748,7.043,4796.125,410.074,15.432,46.846,0.0,0.0,,,0.0,0.0,,0.0,0.0,,0.0,1570.39,861.671,-7.583,-3.672,41.365,173.214,14.81,483.799,11.03,4.801,46.667,0.002,0.006,0.0,0.0,0.072,0.0,0.001,11.549,0.284,2.897,12.164,1.04,33.878,0.775,0.336,Africa
Egypt,2010,99.394554,99.1,41.53,5.57,145.66,0.0,14.63,9.127208,10258.876,3.66,,4.461719,,,103,1001450.0,26.820553,30.802498,EGY,87252416.0,898751397888.0,,,,,0.0,0.0,0.0,,582.704,-25.026,-1.801,61.849,5.396,0.0,0.0,-44.928,-0.234,3.288,0.287,0.0,0.603,142.99,1638.808,144.43,16.609,3.881,33.44,10258.876,0.996,4.251,34.868,1490.388,130.04,9801.154,855.174,90.037,95.538,6.041,24.736,434.184,1261.856,110.1,4976.18,-2.185,-13.186,6764.339,590.205,76.231,48.506,84.16,-5.939,-2.506,35.956,148.42,12.95,412.094,8.966,4.017,-2.856,-1.428,39.937,164.924,14.39,457.722,9.963,4.462,-1.44,-1.007,,0.0,0.0,0.0,0.0,0.0,0.0,0.0,2.956,11.934,415.594,228.532,19.94,4763.125,-0.652,-2.675,4669.199,407.399,13.806,46.429,0.0,0.0,,,0.0,0.0,,0.0,0.0,,0.0,1655.312,895.112,-2.856,-1.428,39.937,164.924,14.39,457.722,9.963,4.462,1045.455,0.064,0.07,0.344,0.03,0.802,0.021,0.008,35.861,1.015,3.911,16.16,1.41,44.826,0.976,0.437,Africa
Egypt,2011,99.45216,99.4,40.9,5.53,142.53,0.0,14.55,9.262795,10516.576,3.77,,4.3315444,,,103,1001450.0,26.820553,30.802498,EGY,89200056.0,923052867584.0,,,,,0.0,0.0,0.0,,583.177,-5.005,-0.27,57.47,5.126,0.0,0.0,-76.316,-0.219,0.762,0.068,0.0,0.544,147.98,1658.968,149.56,16.334,5.191,46.462,10555.752,1.02,5.352,45.766,1511.658,134.84,10100.223,900.94,90.158,95.685,9.998,43.409,477.592,1316.815,117.46,5354.173,0.208,1.228,6630.408,591.433,78.537,50.723,87.22,0.274,-0.121,35.835,145.628,12.99,401.737,8.685,3.806,2.367,0.696,40.633,165.022,14.72,455.53,9.842,4.315,-1.58,-1.068,,0.0,0.0,0.0,0.0,0.0,0.0,0.0,0.632,2.627,418.222,194.843,17.38,4688.58,-1.23,-5.013,4511.054,402.386,11.621,44.417,0.0,0.0,,,0.0,0.0,,0.0,0.0,,0.0,1676.681,941.574,2.367,0.696,40.633,165.022,14.72,455.53,9.842,4.315,870.512,0.605,0.675,2.691,0.24,7.564,0.16,0.072,6.08,0.213,4.124,16.704,1.49,46.23,0.996,0.438,Africa
Egypt,2012,99.7,99.55,40.0,5.5,150.04,0.0,14.35,8.729241,10688.419,3.8,,4.1802897,,,103,1001450.0,26.820553,30.802498,EGY,91240384.0,950287269888.0,,,,,0.0,0.0,0.0,,587.878,-11.403,-0.585,49.779,4.542,0.0,0.0,133.333,0.091,1.738,0.159,0.0,0.463,162.44,1780.352,162.84,17.069,4.071,38.331,10739.813,1.031,4.24,38.197,1621.76,147.97,10293.006,939.138,90.868,95.84,6.026,28.779,506.371,1387.105,126.56,5549.859,-0.922,-5.451,6422.396,585.982,77.72,51.676,95.73,0.289,-0.114,35.721,142.81,13.03,391.499,8.002,3.645,0.94,0.134,40.767,162.976,14.87,446.807,9.132,4.16,-0.4,-0.246,,0.0,0.0,0.0,0.0,0.0,0.0,0.0,2.392,10.003,428.225,234.655,21.41,4693.369,0.367,1.478,4426.377,403.864,13.148,43.701,0.0,0.0,,,0.0,0.0,,0.0,0.0,,0.0,1784.736,979.905,0.94,0.134,40.767,162.976,14.87,446.807,9.132,4.16,106.159,0.708,1.382,5.48,0.5,15.152,0.307,0.141,-10.611,-0.46,3.664,14.686,1.34,40.155,0.823,0.374,Africa
Egypt,2013,99.85039,99.7,39.1,5.49,153.57,0.0,14.66,8.71426,10368.022,3.62,,4.1771846,,,103,1001450.0,26.820553,30.802498,EGY,93377896.0,984556568576.0,,,,,0.0,0.0,0.0,,589.169,-1.204,-0.055,48.054,4.487,0.0,0.0,-85.718,-0.136,0.243,0.023,0.0,0.461,164.68,1763.586,165.08,17.419,-0.677,-6.636,10422.903,0.989,-0.672,-6.31,1608.839,150.23,9989.811,932.828,91.004,95.845,-2.243,-11.358,495.014,1319.049,123.17,5301.188,-7.907,-46.333,5779.188,539.648,74.612,50.861,97.26,1.604,0.354,36.075,141.789,13.24,386.333,8.02,3.707,-0.198,-0.326,40.441,159.031,14.85,433.091,8.996,4.155,-0.4,-0.243,,0.0,0.0,0.0,0.0,0.0,0.0,0.0,1.191,5.102,433.327,289.79,27.06,4640.57,-1.051,-4.245,4279.589,399.619,16.392,44.523,0.0,0.0,,,0.0,0.0,,0.0,0.0,,0.0,1767.87,973.269,-0.198,-0.326,40.441,159.031,14.85,433.091,8.996,4.155,-94.955,-1.313,0.069,0.321,0.03,0.742,0.018,0.007,17.99,0.633,4.297,16.92,1.58,46.016,0.957,0.441,Africa
Egypt,2014,99.8,99.8,38.23,5.59,159.93,0.0,15.36,8.762622,9999.618,3.63,,4.1816525,,,103,1001450.0,26.820553,30.802498,EGY,95592328.0,1035721834496.0,,,,,0.0,0.0,0.0,,591.859,0.823,0.037,47.327,4.524,0.0,0.0,-100.0,-0.023,0.0,0.0,0.0,0.47,170.56,1784.244,171.24,18.28,-1.161,-11.297,10063.271,0.929,-1.161,-10.828,1636.951,156.48,9645.122,922.0,91.381,95.845,-6.631,-32.826,462.187,1303.87,124.64,4834.985,-12.978,-70.038,4912.638,469.61,72.787,48.046,101.35,2.648,0.734,36.809,142.166,13.59,385.057,7.936,3.826,-0.565,-0.469,39.972,154.406,14.76,418.149,8.619,4.155,-0.68,-0.399,,0.0,0.0,0.0,0.0,0.0,0.0,0.0,5.068,21.961,455.288,333.081,31.84,4762.81,2.268,9.061,4275.244,408.681,18.594,47.329,0.0,0.0,,,0.0,0.0,,0.0,0.0,,0.0,1791.357,961.971,-0.565,-0.469,39.972,154.406,14.76,418.149,8.619,4.155,448.606,0.309,0.378,1.465,0.14,3.955,0.082,0.039,-34.788,-1.512,2.785,10.775,1.03,29.137,0.601,0.29,Africa
Egypt,2015,99.3,99.8,39.67,5.45,170.68,0.0,15.64,8.39416,9943.54,3.46,,4.328853,,,103,1001450.0,26.820553,30.802498,EGY,97723792.0,1079611555840.0,,,,,0.0,0.0,0.0,,592.257,105.992,4.795,95.363,9.319,0.0,0.0,,0.0,0.0,0.0,0.0,0.955,181.14,1853.592,181.83,19.147,1.47,14.137,9988.438,0.904,1.306,12.044,1700.917,166.22,9557.997,934.044,91.415,95.691,-0.433,-2.0,460.188,1328.336,129.81,4709.065,-9.306,-43.704,4358.266,425.906,71.391,47.145,107.69,0.71,0.041,36.849,139.986,13.68,377.076,7.524,3.775,5.865,2.092,42.064,159.736,15.61,430.441,8.585,4.309,-0.69,-0.381,,0.0,0.0,0.0,0.0,0.0,0.0,0.0,2.031,9.249,464.537,372.581,36.41,4753.569,0.828,3.382,4216.604,412.063,20.024,47.591,0.0,0.0,,,0.0,0.0,,0.0,0.0,,0.0,1860.652,976.108,5.865,2.092,42.064,159.736,15.61,430.441,8.585,4.309,-69.903,-0.265,0.113,0.409,0.04,1.157,0.022,0.012,84.271,2.317,5.102,19.34,1.89,52.208,1.039,0.523,Africa
Egypt,2016,100.0,99.8,38.97,5.31,174.07,0.0,15.5,8.176399,10278.024,3.64,,4.131468,,,103,1001450.0,26.820553,30.802498,EGY,99784032.0,1121578516480.0,,,,,0.0,0.0,0.0,,592.965,52.051,4.851,142.006,14.17,0.0,0.0,,0.0,0.0,0.0,0.0,1.375,187.92,1883.267,188.19,18.749,5.548,54.153,10324.906,0.919,5.765,53.845,1727.331,172.36,9900.272,987.889,91.588,95.887,7.248,33.353,493.541,1387.697,138.47,4946.093,-5.492,-23.389,4033.887,402.517,73.58,47.904,111.59,-3.552,-1.519,35.33,132.286,13.2,354.067,7.014,3.429,1.33,0.307,42.372,158.643,15.83,424.633,8.412,4.113,-0.27,-0.144,,0.0,0.0,0.0,0.0,0.0,0.0,0.0,3.367,15.641,480.178,339.633,33.89,4812.173,-4.505,-18.561,3943.527,393.501,18.008,46.607,0.0,0.0,,,0.0,0.0,,0.0,0.0,,0.0,1885.973,1030.261,1.33,0.307,42.372,158.643,15.83,424.633,8.412,4.113,456.214,0.512,0.625,2.305,0.23,6.267,0.122,0.061,26.505,1.314,6.416,24.052,2.4,64.299,1.275,0.623,Africa
Egypt,2017,100.0,99.9,39.42,5.1,181.31,0.0,15.53,7.8896565,10471.6455,3.67,,3.8699906,,,103,1001450.0,26.820553,30.802498,EGY,101789384.0,1158060441600.0,,,,,0.0,0.0,0.0,,594.69,-1.54,-0.218,137.065,13.952,0.0,0.0,,,,,0.0,1.303,192.87,1894.795,193.21,18.489,3.93,40.484,10519.223,0.925,4.212,41.606,1745.86,177.71,10113.971,1029.495,91.978,96.148,13.329,65.787,559.328,1492.592,151.93,5494.951,21.265,85.595,4795.321,488.113,78.635,52.237,114.9,-3.103,-1.298,34.033,125.652,12.79,334.343,6.62,3.178,-2.07,-1.121,41.25,152.275,15.5,405.252,8.022,3.852,-0.34,-0.176,,0.0,0.0,0.0,0.0,0.0,0.0,0.0,-4.99,-23.963,456.216,253.268,25.78,4481.956,-4.897,-19.271,3676.515,374.23,13.343,42.607,0.0,0.0,,,0.0,0.0,,0.0,0.0,,0.0,1898.135,1070.745,-2.07,-1.121,41.25,152.275,15.5,405.252,8.022,3.852,157.928,0.978,1.604,5.895,0.6,15.754,0.311,0.15,-11.98,-0.802,5.614,20.729,2.11,55.155,1.092,0.524,Africa
Egypt,2018,100.0,99.9,48.71,5.23,182.31,0.0,17.31,8.671476,10286.719,3.59,,4.0554056,,,103,1001450.0,26.820553,30.802498,EGY,103740768.0,1220661739520.0,,,,,0.0,0.0,0.0,,592.407,81.976,11.437,244.734,25.389,0.0,0.0,,,,,0.0,2.37,198.82,1916.508,199.39,19.094,0.056,0.6,10327.142,0.878,-0.166,-1.708,1763.338,182.93,9907.259,1027.787,91.745,95.934,6.548,36.625,595.953,1611.517,167.18,5744.635,19.97,97.477,5644.743,585.59,83.846,55.627,118.12,1.06,0.159,34.192,124.541,12.92,329.591,6.48,3.192,6.218,2.309,43.559,158.665,16.46,419.883,8.255,4.066,-0.57,-0.287,,0.0,0.0,0.0,0.0,0.0,0.0,0.0,-10.909,-49.771,406.445,151.821,15.75,3917.889,2.07,7.746,3682.021,381.976,7.899,37.938,0.0,0.0,,,0.0,0.0,,0.0,0.0,,0.0,1922.002,1071.346,6.218,2.309,43.559,158.665,16.46,419.883,8.255,4.066,-8.214,-0.14,1.463,5.302,0.55,14.105,0.276,0.137,41.609,2.29,7.904,28.822,2.99,76.187,1.5,0.738,Africa
Egypt,2019,100.0,99.9,59.16,5.3,173.86,0.0,20.75,10.662351,9919.544,3.41,,5.1698976,,,103,1001450.0,26.820553,30.802498,EGY,105618672.0,1289253421056.0,,,,,0.0,0.0,0.0,,579.428,-9.642,-2.448,217.205,22.941,0.0,0.0,,,,,0.0,2.183,199.77,1891.427,200.56,19.711,-1.889,-20.24,9951.896,0.815,-3.001,-30.845,1704.339,180.01,9439.065,996.942,89.754,94.847,-0.934,-5.566,590.387,1625.943,171.73,5589.795,10.895,63.798,6148.416,649.388,85.625,56.168,116.21,8.945,2.921,37.113,133.31,14.08,351.388,7.02,3.531,24.808,10.605,54.164,194.568,20.55,512.83,10.246,5.153,-0.79,-0.395,,0.0,0.0,0.0,0.0,0.0,0.0,0.0,-5.617,-22.831,383.614,78.395,8.28,3632.065,-3.142,-12.002,3502.918,369.974,4.128,36.496,0.0,0.0,,,0.0,0.0,,0.0,0.0,,0.0,1898.907,1051.106,24.808,10.605,54.164,194.568,20.55,512.83,10.246,5.153,169.233,2.462,3.925,14.107,1.49,37.162,0.743,0.373,66.692,5.223,13.126,47.151,4.98,124.28,2.483,1.249,Africa
Egypt,2020,100.0,99.9,58.35,,168.46,0.0,20.83,11.004279,9153.989,,,6.564624,,,103,1001450.0,26.820553,30.802498,EGY,107465128.0,1307778088960.0,,,,,0.0,0.0,0.0,,566.465,-61.931,-14.208,81.267,8.733,0.0,0.0,,,,,0.0,0.883,197.18,1834.828,198.6,20.926,-5.902,-62.037,9203.625,0.756,-7.267,-72.449,1619.316,174.02,8602.723,924.493,87.623,93.471,-1.238,-7.308,583.079,1553.806,166.98,5425.753,-9.969,-64.736,5440.386,584.652,84.079,58.952,112.5,5.852,2.028,39.141,138.65,14.9,364.22,7.503,3.957,19.662,10.412,64.576,228.725,24.58,600.903,12.377,6.529,-1.42,-0.72,,0.0,0.0,0.0,0.0,0.0,0.0,0.0,-13.277,-50.934,332.68,65.51,7.04,3095.703,-2.344,-8.672,3362.038,361.302,3.545,33.636,0.0,0.0,,,0.0,0.0,,0.0,0.0,,0.0,1848.041,989.069,19.662,10.412,64.576,228.725,24.58,600.903,12.377,6.529,199.027,7.769,11.694,41.409,4.45,108.813,2.241,1.182,5.074,0.615,13.742,48.667,5.23,127.871,2.633,1.389,Africa
Morocco,2000,69.56738,90.6,42.62,15.26,11.36,0.0,0.77,6.3478975,4113.667,3.63,32880.0,1.9685844,1.912872981,1334.943464,83,446550.0,31.791702,-7.09262,MAR,28554420.0,136639291392.0,,,,,0.0,0.0,0.0,,759.124,18.23,4.815,1093.58,31.227,329.196,9.4,-75.969,-0.812,8.999,0.257,68.613,26.584,16.03,561.384,13.7,11.818,-0.868,-1.029,4113.667,0.86,-0.777,-0.901,452.82,12.93,4032.686,115.151,94.38,98.031,15.179,0.058,0.442,0.0,0.0,15.475,25.0,0.108,18.992,0.542,0.0,0.376,10.4,-12.97,-0.316,2.123,24.865,0.71,74.353,5.182,1.807,-5.212,-0.127,2.312,26.966,0.77,80.981,5.62,1.969,2.33,14.535,,0.0,0.0,0.0,0.0,0.0,0.0,0.0,-6.47,-5.775,83.483,123.624,3.53,2923.631,50.411,0.062,6.472,0.185,25.766,71.071,0.0,0.0,0.0,,0.0,0.0,0.0,0.0,0.0,0.0,0.0,479.786,117.463,-5.212,-0.127,2.312,26.966,0.77,80.981,5.62,1.969,,0.0,0.0,0.0,0.0,0.0,0.0,0.0,,0.189,0.189,2.101,0.06,6.628,0.438,0.161,Africa
Morocco,2001,71.3479,91.3,42.15,15.12,13.13,0.0,1.07,7.535212,4386.623,3.58,36270.0,2.47259,7.319967454,1339.294077,83,446550.0,31.791702,-7.09262,MAR,28930100.0,146692866048.0,,,,,0.0,0.0,0.0,,769.231,27.114,8.467,1372.038,39.693,418.595,12.11,-93.55,-0.24,0.573,0.017,77.628,31.278,17.14,592.463,15.6,12.496,8.038,9.442,4386.623,0.865,7.483,8.617,502.245,14.53,4278.16,123.768,93.141,97.527,-1.074,-0.005,0.437,0.0,0.0,15.11,0.0,0.0,18.745,0.542,0.0,0.344,12.0,20.097,0.41,2.533,29.727,0.86,87.565,5.513,1.996,36.586,0.825,3.138,36.986,1.07,108.463,6.859,2.473,1.54,8.985,,0.0,0.0,0.0,0.0,0.0,0.0,0.0,0.185,0.155,83.637,83.65,2.42,2891.012,32.969,0.061,8.494,0.246,15.513,65.905,0.0,0.0,0.0,,0.0,0.0,0.0,0.0,0.0,0.0,0.0,539.231,126.905,36.586,0.825,3.138,36.986,1.07,108.463,6.859,2.473,,0.0,0.0,0.0,0.0,0.0,0.0,0.0,221.562,0.415,0.605,7.259,0.21,20.899,1.346,0.476,Africa
Morocco,2002,73.120834,92.0,41.7,14.94,14.13,0.0,1.03,6.794195,4439.7236,3.53,37470.00122,2.3249912,3.121449656,1416.488396,83,446550.0,31.791702,-7.09262,MAR,29301820.0,151385800704.0,,,,,0.0,0.0,0.0,,765.563,-0.557,-0.221,1347.091,39.472,389.737,11.42,-100.0,-0.017,0.0,0.0,75.629,30.342,16.47,562.081,15.1,11.788,2.511,3.187,4439.724,0.859,2.667,3.3,480.175,14.07,4336.524,127.068,93.179,97.676,27.982,0.122,0.559,0.0,0.0,19.092,0.0,0.0,18.507,0.542,0.0,0.43,11.56,-2.354,-0.076,2.458,28.667,0.84,83.874,5.563,1.889,-3.005,-0.114,3.024,35.151,1.03,103.199,6.821,2.324,1.37,8.318,,0.0,0.0,0.0,0.0,0.0,0.0,0.0,4.064,3.399,87.036,90.438,2.65,2970.341,-35.0,-0.086,5.451,0.16,17.55,66.904,0.0,0.0,0.0,,0.0,0.0,0.0,0.0,0.0,0.0,0.0,515.326,130.092,-3.005,-0.114,3.024,35.151,1.03,103.199,6.821,2.324,,0.0,0.0,0.0,0.0,0.01,0.0,0.0,-5.782,-0.039,0.566,6.484,0.19,19.315,1.258,0.435,Africa
Morocco,2003,74.88853,92.7,44.57,15.71,14.84,0.0,1.64,9.951457,4397.996,3.32,37250.0,3.6570694,5.961162155,1725.457466,83,446550.0,31.791702,-7.09262,MAR,29661272.0,160559923200.0,,,,,0.0,0.0,0.0,,735.006,-3.577,-1.412,1283.166,38.06,390.408,11.58,,0.0,0.0,0.0,70.869,29.176,17.76,598.761,16.34,12.834,0.275,0.358,4397.996,0.812,-1.092,-1.387,495.596,14.7,4237.195,125.681,89.963,96.344,-4.167,-0.023,0.536,0.0,0.0,18.075,0.0,0.0,18.283,0.542,0.0,0.411,12.01,71.225,1.723,4.181,48.548,1.44,140.963,8.813,3.205,58.746,1.746,4.77,55.291,1.64,160.802,10.037,3.656,1.42,7.995,,0.0,0.0,0.0,0.0,0.0,0.0,0.0,0.055,0.048,87.084,105.188,3.12,2935.953,-23.077,-0.037,4.142,0.123,19.094,66.757,0.0,0.0,0.0,,0.0,0.0,0.0,0.0,0.0,0.0,0.0,550.887,130.45,58.746,1.746,4.77,55.291,1.64,160.802,10.037,3.656,0.0,-0.0,0.0,0.0,0.0,0.01,0.0,0.0,4.59,0.022,0.588,6.743,0.2,19.829,1.224,0.451,Africa
Morocco,2004,78.2,93.2,44.11,23.0,15.71,0.0,1.79,10.228572,4946.6387,3.75,40990.00168,3.4734976,4.797018362,1952.902534,83,446550.0,31.791702,-7.09262,MAR,30033124.0,168466890752.0,,,,,0.0,0.0,0.0,,732.685,10.615,4.04,1401.805,42.101,411.213,12.35,,0.164,5.469,0.164,70.693,28.339,19.0,632.635,17.47,12.032,13.885,18.113,4946.639,0.882,14.102,17.723,522.09,15.68,4774.861,143.404,89.754,96.527,28.261,0.152,0.688,3.996,0.12,22.896,-20.0,-0.108,14.445,0.434,0.687,0.463,12.8,10.376,0.404,4.586,52.942,1.59,152.684,9.101,3.087,8.859,0.389,5.159,59.601,1.79,171.778,10.246,3.473,1.53,8.053,,0.0,0.0,0.0,0.0,0.0,0.0,0.0,15.539,13.532,100.616,106.882,3.21,3350.159,0.274,0.0,4.102,0.123,18.374,67.726,0.0,0.0,0.0,,0.0,0.0,0.0,0.0,0.0,0.0,0.0,581.691,148.563,8.859,0.389,5.159,59.601,1.79,171.778,10.246,3.473,0.0,-0.0,0.0,0.0,0.0,0.01,0.0,0.0,-1.923,-0.015,0.573,6.659,0.2,19.084,1.145,0.386,Africa
Morocco,2005,78.41762,94.0,43.65,20.15,17.59,0.0,1.18,6.286627,5301.4736,3.84,43580.00183,2.0816917,3.291639684,2018.025547,83,446550.0,31.791702,-7.09262,MAR,30431898.0,174390738944.0,,,,,0.0,0.0,0.0,,717.03,4.862,2.047,1450.698,44.147,407.139,12.39,-50.0,-0.082,2.699,0.082,64.33,27.364,20.07,659.505,19.26,12.066,8.596,12.771,5301.474,0.925,10.165,14.577,578.998,17.62,5191.281,157.981,91.485,97.921,554.237,3.811,4.499,64.077,1.95,147.833,14.198,0.062,16.28,0.495,10.125,2.789,13.81,-39.377,-1.823,2.762,46.99,1.43,90.771,7.425,1.712,-34.586,-1.806,3.353,53.891,1.64,110.192,8.515,2.079,0.81,4.036,,0.0,0.0,0.0,0.0,0.0,0.0,0.0,8.665,8.718,109.334,107.782,3.28,3592.751,-30.191,-0.037,2.826,0.086,17.03,67.769,0.0,0.0,0.0,,0.0,0.0,0.0,0.0,0.0,0.0,0.0,632.889,161.334,-34.586,-1.806,3.353,53.891,1.64,110.192,8.515,2.079,0.0,-0.0,0.0,0.0,0.0,0.01,0.0,0.0,3.72,0.018,0.591,6.901,0.21,19.411,1.09,0.366,Africa
Morocco,2006,96.5,94.35,43.18,18.14,18.1,0.0,1.17,6.0716133,5340.5317,3.63,45000.0,2.018249,7.574631645,2196.011276,83,446550.0,31.791702,-7.09262,MAR,30833024.0,188101132288.0,,,,,0.0,0.0,0.0,,708.606,1.686,0.744,1455.965,44.892,405.085,12.49,-66.676,-0.055,0.888,0.027,62.859,27.263,21.9,710.277,19.87,12.181,2.065,3.331,5340.532,0.875,2.131,3.367,586.709,18.09,5232.947,161.348,91.042,97.985,24.093,1.084,5.583,78.812,2.43,181.064,45.903,0.227,23.444,0.723,12.229,3.39,14.08,1.845,0.033,2.796,51.892,1.6,90.669,8.052,1.698,-0.453,-0.036,3.317,57.73,1.78,107.585,8.958,2.015,2.03,9.269,,0.0,0.0,0.0,0.0,0.0,0.0,0.0,1.407,1.539,110.873,102.812,3.17,3595.918,42.857,0.037,3.985,0.123,15.954,67.333,0.0,0.0,0.0,,0.0,0.0,0.0,0.0,0.0,0.0,0.0,644.439,164.665,-0.453,-0.036,3.317,57.73,1.78,107.585,8.958,2.015,0.0,-0.0,0.0,0.0,0.0,0.009,0.0,0.0,-11.197,-0.069,0.521,5.838,0.18,16.906,0.906,0.317,Africa
Morocco,2007,81.95443,95.0,44.64,16.46,18.15,0.0,1.19,6.153051,5226.2114,3.62,46349.99847,2.0501916,3.531594152,2499.259938,83,446550.0,31.791702,-7.09262,MAR,31232634.0,195286745088.0,,,,,0.0,0.0,0.0,,707.466,-16.252,-7.296,1203.743,37.596,385.494,12.04,-100.0,-0.027,0.0,0.0,61.148,23.033,23.2,742.813,19.69,12.192,-0.872,-1.436,5226.211,0.836,-0.904,-1.459,578.882,18.08,5119.291,159.889,91.823,97.954,12.806,0.715,6.298,87.409,2.73,201.637,-4.077,-0.029,22.2,0.693,13.865,3.858,13.93,-8.193,-0.245,2.551,42.584,1.33,81.662,6.755,1.563,1.304,0.022,3.339,51.549,1.61,106.921,8.177,2.046,3.51,15.129,,0.0,0.0,0.0,0.0,0.0,0.0,0.0,4.62,5.122,115.995,105.979,3.31,3713.91,10.0,0.012,4.327,0.135,16.811,71.063,0.0,0.0,0.0,,0.0,0.0,0.0,0.0,0.0,0.0,0.0,630.43,163.228,1.304,0.022,3.339,51.549,1.61,106.921,8.177,2.046,0.0,-0.0,0.0,0.0,0.0,0.009,0.0,0.0,52.238,0.267,0.789,8.965,0.28,25.25,1.422,0.483,Africa
Morocco,2008,83.73233,95.6,44.14,14.62,18.42,0.0,1.22,6.211813,5694.0356,3.55,48630.00107,1.8975967,5.923277686,2890.360715,83,446550.0,31.791702,-7.09262,MAR,31634996.0,207385198592.0,,,,,0.0,0.0,0.0,,695.823,13.352,5.02,1347.117,42.616,356.251,11.27,,0.0,0.0,0.0,55.381,23.658,24.61,777.936,20.35,11.408,10.355,16.902,5694.036,0.869,10.526,16.83,590.485,18.68,5586.19,176.719,91.794,98.106,-1.247,-0.079,6.219,87.561,2.77,196.589,-4.534,-0.031,20.924,0.662,13.612,3.453,14.16,1.53,0.023,2.573,43.306,1.37,81.348,6.732,1.429,2.803,0.072,3.412,52.79,1.67,107.846,8.206,1.894,4.26,17.31,,0.0,0.0,0.0,0.0,0.0,0.0,0.0,10.249,11.889,127.884,146.673,4.64,4042.484,-17.958,-0.024,3.505,0.111,22.801,70.995,0.0,0.0,0.0,,0.0,0.0,0.0,0.0,0.0,0.0,0.0,643.275,180.131,2.803,0.072,3.412,52.79,1.67,107.846,8.206,1.894,0.0,-0.0,0.0,0.0,0.0,0.009,0.0,0.0,6.92,0.049,0.838,9.483,0.3,26.488,1.474,0.465,Africa
Morocco,2009,85.520164,96.0,47.6,14.26,17.09,0.0,2.93,14.635365,5486.076,3.43,48750.0,4.711689,4.243757321,2866.92411,83,446550.0,31.791702,-7.09262,MAR,32042880.0,216763301888.0,,,,,0.0,0.0,0.0,,635.451,-26.155,-11.146,982.121,31.47,327.998,10.51,,0.0,0.0,0.0,50.215,17.902,25.55,797.369,20.93,12.249,-2.41,-4.341,5486.076,0.811,-5.203,-9.194,548.952,17.59,5228.139,167.525,84.042,95.298,9.854,0.613,6.832,92.064,2.95,213.212,0.0,0.0,20.658,0.662,14.095,3.886,13.3,180.443,4.599,7.173,92.064,2.95,223.841,14.095,4.08,143.761,4.853,8.265,104.235,3.34,257.937,15.958,4.702,4.62,18.082,,0.0,0.0,0.0,0.0,0.0,0.0,0.0,1.047,1.339,129.223,128.89,4.13,4032.807,-11.354,-0.013,3.068,0.098,19.732,73.51,0.0,0.0,0.0,,0.0,0.0,0.0,0.0,0.0,0.0,0.0,653.187,175.79,143.761,4.853,8.265,104.235,3.34,257.937,15.958,4.702,0.0,-0.0,0.0,0.0,0.0,0.009,0.0,0.0,31.154,0.254,1.092,12.171,0.39,34.087,1.863,0.621,Africa
Morocco,2010,92.67138,96.5,48.27,13.92,19.54,0.0,4.1,17.343487,6005.15,3.47,51759.99832,5.8873553,3.815717917,2839.92612,83,446550.0,31.791702,-7.09262,MAR,32464866.0,225643839488.0,,,,,0.0,0.0,0.0,,610.503,3.004,0.945,998.476,32.415,317.882,10.32,,0.0,0.0,0.0,45.164,16.627,26.79,825.2,22.85,12.168,10.903,19.167,6005.15,0.864,9.538,15.978,571.695,18.56,5652.338,183.502,81.225,94.125,8.011,0.547,7.379,86.555,2.81,227.299,13.38,0.089,23.118,0.751,12.298,3.785,13.95,35.023,2.453,9.625,111.813,3.63,296.479,15.886,4.937,39.439,3.189,11.454,132.143,4.29,352.812,18.775,5.875,3.94,14.707,,0.0,0.0,0.0,0.0,0.0,0.0,0.0,11.209,14.485,143.708,167.258,5.43,4426.563,24.994,0.025,3.784,0.123,23.764,73.713,0.0,0.0,0.0,,0.0,0.0,0.0,0.0,0.0,0.0,0.0,703.838,194.956,39.439,3.189,11.454,132.143,4.29,352.812,18.775,5.875,0.0,-0.0,0.0,0.0,0.0,0.009,0.0,0.0,68.448,0.736,1.829,20.33,0.66,56.324,2.888,0.938,Africa
Morocco,2011,93.446434,96.7,48.68,11.88,22.3,0.0,2.69,10.764306,6222.626,3.55,55939.99863,3.643836,5.245697297,3046.947854,83,446550.0,31.791702,-7.09262,MAR,32903708.0,238103281664.0,,,,,0.0,0.0,0.0,,652.709,6.819,2.211,1052.34,34.626,342.515,11.27,,0.0,0.0,0.0,46.264,16.912,28.97,880.448,24.36,12.172,5.022,9.791,6222.626,0.86,7.522,13.803,654.334,21.53,5996.45,197.305,88.383,96.365,26.574,1.961,9.34,118.832,3.91,283.865,-14.286,-0.107,19.551,0.643,16.051,4.562,15.9,-42.171,-4.093,5.532,65.038,2.14,168.133,8.785,2.702,-34.628,-4.012,7.442,86.009,2.83,226.176,11.617,3.635,4.61,15.913,,0.0,0.0,0.0,0.0,0.0,0.0,0.0,6.702,9.632,153.339,192.987,6.35,4660.245,0.0,0.0,3.734,0.123,26.067,74.892,0.0,0.0,0.0,,0.0,0.0,0.0,0.0,0.0,0.0,0.0,740.342,204.747,-34.628,-4.012,7.442,86.009,2.83,226.176,11.617,3.635,0.0,-0.0,0.0,0.0,0.0,0.008,0.0,0.0,5.07,0.081,1.91,20.97,0.69,58.034,2.833,0.933,Africa
Morocco,2012,94.21052,97.1,48.03,10.93,24.97,0.0,2.42,8.835341,6249.124,3.5,58080.00183,3.1137834,3.009961262,2912.658275,83,446550.0,31.791702,-7.09262,MAR,33352166.0,245270183936.0,,,,,0.0,0.0,0.0,,648.435,1.573,0.545,1054.52,35.171,340.907,11.37,,0.0,0.0,0.0,42.889,16.875,31.35,939.969,26.51,12.963,1.795,3.674,6249.124,0.85,2.356,4.648,718.394,23.96,6055.178,201.953,90.381,96.896,33.741,3.151,12.492,178.399,5.95,374.538,31.667,0.204,25.396,0.847,22.444,5.993,17.19,-18.67,-1.06,4.472,54.569,1.82,134.087,6.865,2.146,-12.551,-0.974,6.469,76.457,2.55,193.946,9.619,3.104,4.84,15.439,,0.0,0.0,0.0,0.0,0.0,0.0,0.0,0.621,0.952,154.291,199.088,6.64,4626.12,-29.808,-0.037,2.586,0.086,25.047,74.028,0.0,0.0,0.0,,0.0,0.0,0.0,0.0,0.0,0.0,0.0,794.851,208.422,-12.551,-0.974,6.469,76.457,2.55,193.946,9.619,3.104,0.27,-0.0,0.0,0.0,0.0,0.008,0.0,0.0,5.172,0.087,1.996,21.888,0.73,59.85,2.754,0.958,Africa
Morocco,2013,97.2,97.3,54.48,11.59,22.59,0.0,4.19,15.646004,6330.0835,3.36,57590.00015,5.110578,4.5354242,3121.680081,83,446550.0,31.791702,-7.09262,MAR,33803528.0,256393199616.0,,,,,0.0,0.0,0.0,,612.472,-0.764,-0.269,1032.492,34.902,359.134,12.14,,0.0,0.0,0.0,45.063,16.311,32.34,956.705,26.94,12.988,2.666,5.557,6330.083,0.835,0.557,1.124,668.273,22.59,6007.583,203.077,83.853,94.905,-3.035,-0.379,12.112,172.171,5.82,358.32,22.785,0.193,30.766,1.04,21.604,5.661,16.5,70.754,3.118,7.59,88.452,2.99,224.541,11.099,3.547,69.556,4.433,10.902,128.685,4.35,322.501,16.147,5.095,5.4,16.698,,0.0,0.0,0.0,0.0,0.0,0.0,0.0,1.148,1.772,156.063,136.968,4.63,4616.771,13.973,0.012,2.908,0.098,17.186,72.934,0.0,0.0,0.0,,0.0,0.0,0.0,0.0,0.0,0.0,0.0,796.958,213.979,69.556,4.433,10.902,128.685,4.35,322.501,16.147,5.095,-0.27,-0.0,0.0,0.0,0.0,0.008,0.0,0.0,66.882,1.315,3.311,40.232,1.36,97.952,5.048,1.547,Africa
Morocco,2014,91.6,97.4,62.68,11.14,24.13,0.0,3.61,13.013699,6336.756,3.32,58689.99863,4.4587364,2.669493927,3171.699192,83,446550.0,31.791702,-7.09262,MAR,34248608.0,263251722240.0,,,,,0.292,0.01,0.036,,651.353,34.528,12.051,1370.942,46.953,465.712,15.95,,0.0,0.0,0.0,56.802,21.635,34.09,995.369,28.08,13.287,1.423,3.046,6336.756,0.824,2.117,4.3,704.262,24.12,6055.053,207.377,85.897,95.554,-3.084,-0.373,11.739,163.51,5.6,342.758,0.0,0.0,30.366,1.04,19.943,5.409,18.29,-41.206,-3.154,4.436,59.272,2.03,129.52,7.229,2.044,-10.967,-1.254,9.648,115.625,3.96,281.702,14.103,4.446,6.01,17.63,,0.0,0.0,0.0,0.0,0.0,0.0,0.0,-4.727,-7.378,148.685,75.04,2.57,4341.353,0.0,0.0,2.87,0.098,9.152,68.511,0.0,0.01,0.0,,0.0,0.292,0.0,0.0,0.036,0.0,0.0,819.887,217.025,-10.967,-1.254,9.648,115.625,3.96,281.702,14.103,4.446,0.0,-0.0,0.0,0.0,0.0,0.008,0.0,0.0,58.35,1.901,5.212,56.061,1.92,152.174,6.838,2.401,Africa
Morocco,2015,97.3,97.7,66.56,11.25,25.09,0.0,4.45,15.064318,6368.3936,3.25,60409.99985,5.388849,4.536378168,2875.257985,83,446550.0,31.791702,-7.09262,MAR,34680456.0,274689998848.0,,,,,0.288,0.01,0.033,,639.92,10.103,4.744,1490.653,51.697,493.361,17.11,,0.0,0.0,0.0,57.205,23.407,34.88,1005.754,29.91,13.99,1.766,3.834,6368.394,0.804,0.774,1.605,723.751,25.1,6025.945,208.983,83.918,94.623,0.271,0.032,11.771,166.664,5.78,339.407,-3.093,-0.032,29.06,1.008,19.325,5.33,19.14,15.122,0.64,5.076,65.743,2.28,146.372,7.623,2.298,23.834,2.228,11.876,138.695,4.81,342.449,16.082,5.377,4.97,14.249,,0.0,0.0,0.0,0.0,0.0,0.0,0.0,-2.132,-3.17,145.515,63.725,2.21,4195.885,0.0,0.0,2.834,0.098,7.389,65.886,0.0,0.01,0.0,,0.0,0.288,0.0,0.0,0.033,0.0,0.0,862.445,220.859,23.834,2.228,11.876,138.695,4.81,342.449,16.082,5.377,5543.006,0.015,0.015,0.0,0.0,0.443,0.0,0.007,30.96,1.573,6.785,72.663,2.52,195.634,8.425,3.072,Africa
Morocco,2016,97.8,97.8,68.66,11.06,25.74,0.0,4.74,15.55118,6361.196,3.23,60319.99969,5.595185,1.05985639,2896.722196,83,446550.0,31.791702,-7.09262,MAR,35107272.0,276121124864.0,,,,,0.285,0.01,0.032,,633.625,-3.638,-1.881,1418.964,49.816,483.945,16.99,,0.0,0.0,0.0,55.037,22.307,36.02,1025.998,30.87,14.295,1.116,2.465,6361.196,0.809,0.897,1.874,734.321,25.78,6006.062,210.856,83.511,94.417,1.742,0.205,11.976,168.341,5.91,341.122,-8.511,-0.086,26.264,0.922,19.145,5.363,19.56,-33.385,-1.715,3.362,47.284,1.66,95.751,5.377,1.505,5.605,0.591,12.468,144.984,5.09,355.133,16.489,5.583,5.15,14.298,,0.0,0.0,0.0,0.0,0.0,0.0,0.0,2.439,3.549,149.065,82.034,2.88,4245.976,0.274,0.0,2.807,0.099,9.329,66.748,0.0,0.01,0.0,,0.0,0.285,0.0,0.0,0.032,0.0,0.0,879.305,223.324,5.605,0.591,12.468,144.984,5.09,355.133,16.489,5.583,6943.859,1.059,1.075,11.394,0.4,30.616,1.296,0.481,19.08,1.247,8.031,86.022,3.02,228.767,9.783,3.596,Africa
Morocco,2017,100.0,97.9,71.38,10.45,26.86,0.0,4.69,14.8652935,6580.7236,3.24,63520.00046,5.2868266,4.254603273,3035.454433,83,446550.0,31.791702,-7.09262,MAR,35528116.0,290087305216.0,,,,,1.126,0.04,0.125,,637.445,3.945,1.965,1457.469,51.781,493.975,17.55,,,,,54.947,22.148,37.84,1065.072,31.94,14.1,4.691,10.476,6580.724,0.806,5.032,10.609,756.584,26.88,6233.538,221.466,84.158,94.724,-0.795,-0.095,11.881,164.377,5.84,334.403,,,,,18.284,5.082,20.36,-5.653,-0.209,3.153,44.19,1.57,88.743,4.915,1.349,-0.481,-0.133,12.335,142.422,5.06,347.185,15.842,5.276,5.9,15.592,,0.0,0.0,0.0,0.0,0.0,0.0,0.0,5.863,8.739,157.804,98.232,3.49,4441.666,,,,,10.927,67.495,0.0,0.04,0.0,,0.0,1.126,0.0,0.0,0.125,0.0,0.0,899.006,233.801,-0.481,-0.133,12.335,142.422,5.06,347.185,15.842,5.276,3.437,0.03,1.105,11.54,0.41,31.109,1.284,0.473,1.16,0.045,8.077,85.566,3.04,227.334,9.518,3.455,Africa
Morocco,2018,98.1,97.9,90.81,10.9,27.71,0.0,6.52,19.047619,6730.607,3.18,64959.99908,7.1069336,3.148502656,3226.982794,83,446550.0,31.791702,-7.09262,MAR,35927516.0,298981392384.0,,,,,1.113,0.04,0.116,,621.528,15.665,8.111,1667.034,59.892,591.747,21.26,,,,,61.516,24.768,37.93,1055.737,34.56,14.928,3.427,8.013,6730.607,0.809,1.441,3.192,771.275,27.71,6253.096,224.658,80.179,92.905,-9.81,-1.166,10.715,144.736,5.2,298.244,,,,,15.046,4.431,21.48,42.941,1.328,4.48,55.668,2.0,124.706,5.787,1.853,39.902,4.821,17.156,190.662,6.85,477.511,19.821,7.095,3.37,8.885,,0.0,0.0,0.0,0.0,0.0,0.0,0.0,-2.379,-3.753,154.051,34.792,1.25,4287.817,,,,,3.617,63.706,0.0,0.04,0.0,,0.0,1.113,0.0,0.0,0.116,0.0,0.0,961.937,241.814,39.902,4.821,17.156,190.662,6.85,477.511,19.821,7.095,128.788,1.409,2.514,26.442,0.95,69.97,2.749,1.04,26.553,2.085,10.162,107.439,3.86,282.835,11.169,4.202,Africa
Morocco,2019,99.6,98.0,89.71,10.69,32.38,0.0,7.6,19.009504,7267.464,3.34,71480.00336,7.547047,2.607935495,3235.00066,83,446550.0,31.791702,-7.09262,MAR,36304408.0,307624968192.0,,,,,1.102,0.04,0.099,,631.748,29.378,17.595,2134.382,77.487,740.957,26.9,,,,,66.617,29.369,39.45,1086.645,40.38,16.027,9.109,22.027,7267.464,0.858,8.59,19.299,892.178,32.39,6719.754,243.957,80.213,92.464,-5.491,-0.588,10.127,129.461,4.7,278.942,,,,,11.639,3.838,25.51,-25.431,-1.152,3.329,45.449,1.65,91.687,4.086,1.262,16.333,2.728,19.884,220.083,7.99,547.71,19.787,7.536,-0.93,-2.357,,0.0,0.0,0.0,0.0,0.0,0.0,0.0,1.488,2.292,156.342,21.76,0.79,4306.431,,,,,1.956,59.256,0.0,0.04,0.0,,0.0,1.102,0.0,0.0,0.099,0.0,0.0,1112.262,263.841,16.333,2.728,19.884,220.083,7.99,547.71,19.787,7.536,66.443,1.655,4.169,43.521,1.58,114.826,3.913,1.58,22.351,2.225,12.387,130.012,4.72,341.196,11.689,4.695,Africa
Morocco,2020,100.0,98.1,93.52,,31.36,0.0,7.02,18.290775,6551.4155,,,7.633952,-6.29325316,3058.691689,83,446550.0,31.791702,-7.09262,MAR,36688768.0,285515939840.0,,,,,1.09,0.04,0.103,,645.619,3.021,2.341,2175.824,79.828,741.644,27.21,,,,,70.129,32.914,39.03,1063.813,38.8,16.75,-8.076,-21.307,6610.578,0.849,-8.097,-19.753,854.758,31.36,6110.975,224.204,80.825,92.442,-22.319,-2.26,7.867,94.307,3.46,214.415,,,,,8.918,3.244,25.05,-31.292,-1.05,2.279,35.161,1.29,62.108,3.325,0.94,-7.478,-1.554,18.33,202.787,7.44,499.603,19.175,7.558,0.23,0.589,,0.0,0.0,0.0,0.0,0.0,0.0,0.0,-12.686,-19.833,136.509,18.807,0.69,3720.736,,,,,1.778,56.285,0.0,0.04,0.0,,0.0,1.09,0.0,0.0,0.103,0.0,0.0,1057.544,242.534,-7.478,-1.554,18.33,202.787,7.44,499.603,19.175,7.558,-3.897,-0.177,3.992,41.43,1.52,108.794,3.918,1.646,-2.283,-0.327,12.06,125.106,4.59,328.701,11.83,4.972,Africa
South Africa,2000,72.28246,55.9,27.76,16.25,181.67,13.01,1.79,7.5329566,25321.518,10.07,284660.0,0.40555847,4.200000001,3374.718423,49,1219090.0,-30.559482,22.937506,ZAF,46813272.0,356072095744.0,,0.0,0.0,0.0,10.254,0.48,0.228,0.0,799.402,-0.542,-4.734,18541.01,867.965,4188.342,196.07,0.288,4.231,31460.137,1472.752,93.07,73.222,223.0,4763.606,210.67,18.188,0.138,1.638,25321.518,3.329,-0.077,-0.884,4188.342,196.07,24430.244,1143.66,93.07,96.48,-3.943,-0.468,11.396,0.0,0.0,243.436,17.857,2.711,382.277,17.896,0.0,0.961,168.41,51.653,1.109,3.256,23.498,1.1,69.545,0.522,0.275,6.089,2.523,41.723,311.877,14.6,891.275,6.93,3.52,12.33,5.529,1.348,0.491,36.916,277.913,13.01,788.581,6.176,3.114,1.661,4.318,264.298,0.0,0.0,5645.799,-1.683,-0.336,419.406,19.634,0.0,22.296,1.524,0.477,,142.386,0.895,10.2,,32.561,0.227,,0.129,4500.219,1185.383,72.026,2.032,4.807,33.965,1.59,102.694,0.755,0.406,,0.027,0.027,0.214,0.01,0.587,0.005,0.002,,0.0,0.0,0.0,0.0,0.0,0.0,0.0,Africa
South Africa,2001,70.2,57.8,28.16,15.62,183.36,10.72,2.46,6.706014,25228.531,9.48,320540.0,0.5403345,2.7,2971.819769,49,1219090.0,-30.559482,22.937506,ZAF,47229712.0,374889021440.0,,0.0,0.0,0.0,8.893,0.42,0.2,0.0,806.235,0.358,3.103,18443.238,871.069,4175.973,197.23,-0.285,-4.199,31093.838,1468.553,93.874,73.105,212.3,4495.052,210.1,17.992,0.519,6.153,25228.531,3.178,0.981,11.221,4175.973,197.23,24452.41,1154.88,93.874,96.924,21.35,2.433,13.829,0.0,0.0,292.804,27.273,4.881,482.245,22.776,0.0,1.161,169.39,56.312,1.8,5.056,36.418,1.72,107.05,0.819,0.424,-11.809,-5.067,36.656,272.498,12.87,776.124,6.126,3.076,2.2,1.036,-17.61,-6.698,30.218,226.976,10.72,639.805,5.102,2.536,2.151,5.684,269.982,0.0,0.0,5716.368,-1.102,-0.216,411.126,19.417,0.0,22.658,1.351,0.423,,-11.393,-0.174,8.958,,28.597,0.201,,0.113,4448.471,1191.536,35.716,1.631,6.438,45.522,2.15,136.318,1.023,0.54,16.129,0.004,0.032,0.212,0.01,0.672,0.005,0.003,,0.0,0.0,0.0,0.0,0.0,0.0,0.0,Africa
South Africa,2002,76.7,60.0,27.88,13.88,188.79,11.99,2.81,7.269512,24361.893,8.67,331320.0073,0.65354025,3.700374404,2797.087291,49,1219090.0,-30.559482,22.937506,ZAF,47661516.0,396137562112.0,,0.491,10.3,0.491,9.651,0.46,0.209,0.042,802.285,-4.876,-42.471,17385.057,828.598,4322.775,206.03,-1.515,-22.255,30345.188,1446.298,93.408,71.362,222.82,4675.051,220.57,19.442,-2.552,-30.411,24361.893,2.931,-3.067,-35.42,4322.775,206.03,23487.709,1119.46,93.408,96.412,0.655,0.091,13.92,0.0,0.0,292.051,9.524,2.169,523.388,24.945,0.0,1.199,176.96,21.092,1.027,6.083,43.641,2.08,127.626,0.943,0.524,16.815,5.009,41.665,305.068,14.54,874.184,6.592,3.588,2.25,1.01,11.867,3.368,33.586,251.566,11.99,704.669,5.436,2.893,2.578,6.96,276.942,0.0,0.0,5810.602,-20.044,-3.892,325.741,15.525,0.0,23.851,1.469,0.46,,8.792,0.119,9.658,,30.829,0.209,,0.127,4627.843,1161.125,41.426,1.641,8.079,53.502,2.55,169.514,1.156,0.696,14.815,0.004,0.036,0.21,0.01,0.759,0.005,0.003,,0.0,0.0,0.0,0.0,0.0,0.0,0.0,Africa
South Africa,2003,78.8,62.1,33.96,13.05,204.39,12.66,1.19,6.3462243,26150.76,9.48,353089.9963,0.2989763,2.949075468,4217.11478,49,1219090.0,-30.559482,22.937506,ZAF,48104044.0,413710090240.0,10.272,0.05,11.253,0.541,8.523,0.41,0.175,0.043,807.668,11.148,92.368,19145.297,920.966,4579.864,220.31,8.389,121.327,32588.211,1567.625,94.057,73.211,232.16,4826.206,234.23,18.999,8.34,96.833,26150.76,3.041,8.84,98.955,4579.864,220.31,25328.736,1218.415,94.057,96.857,-24.385,-3.394,10.525,0.0,0.0,218.801,-0.87,-0.217,514.064,24.729,0.0,0.837,189.18,-60.297,-3.683,2.4,17.254,0.83,49.883,0.354,0.191,-3.847,-2.122,39.543,289.373,13.92,822.026,5.943,3.143,-2.07,-0.892,5.604,1.655,35.24,263.18,12.66,732.588,5.405,2.801,3.604,9.981,286.923,0.0,0.0,5964.638,36.796,5.713,441.499,21.238,0.0,22.809,1.304,0.408,,-11.275,-0.166,8.49,,27.102,0.174,,0.104,4869.237,1257.957,-41.034,-3.777,4.302,26.193,1.26,89.438,0.538,0.342,12.097,0.004,0.04,0.208,0.01,0.838,0.004,0.003,,0.017,0.017,0.208,0.01,0.362,0.004,0.001,Africa
South Africa,2004,80.9,64.4,20.04,12.29,212.63,14.28,1.33,6.8392916,28271.896,9.88,379989.9902,0.29398483,4.554559907,5409.133489,49,1219090.0,-30.559482,22.937506,ZAF,48556064.0,439265853440.0,17.954,0.097,13.15,0.639,7.826,0.38,0.155,0.047,806.917,9.57,88.141,20782.303,1009.107,4734.321,229.88,1.708,26.77,32836.168,1594.395,93.978,73.509,241.17,4966.836,244.61,18.166,9.127,114.817,28271.934,3.125,9.252,112.727,4734.321,229.88,27414.535,1331.142,93.978,96.967,131.28,13.818,24.343,0.0,0.0,501.334,-10.965,-2.711,453.436,22.017,0.0,1.773,197.38,14.808,0.338,2.737,19.565,0.95,56.376,0.388,0.199,6.244,2.089,41.632,303.361,14.73,857.396,6.022,3.033,-3.44,-1.426,5.545,1.717,36.958,275.352,13.37,761.131,5.466,2.692,3.753,10.769,297.692,0.0,0.0,6130.9,71.869,15.263,751.736,36.501,0.0,21.685,1.219,0.382,,-6.489,-0.085,7.865,,25.107,0.156,,0.089,5037.682,1372.774,11.175,0.372,4.674,28.009,1.36,96.265,0.556,0.34,11.511,0.004,0.045,0.412,0.02,0.92,0.008,0.003,100.0,0.017,0.035,0.206,0.01,0.712,0.004,0.003,Africa
South Africa,2005,80.8,66.8,19.79,10.98,215.23,12.24,1.75,6.103307,26508.63,9.03,377649.9939,0.40433392,5.277051973,6033.101491,49,1219090.0,-30.559482,22.937506,ZAF,49017156.0,470188851200.0,-100.0,-0.639,0.0,0.0,8.772,0.43,0.176,0.0,812.681,-7.813,-78.843,18978.336,930.264,4728.14,231.76,0.94,14.995,32833.195,1609.39,94.623,71.596,242.59,4949.083,244.93,19.193,-5.351,-73.452,26507.484,2.763,-5.116,-68.104,4729.977,231.85,25767.262,1263.038,94.66,97.207,41.951,10.212,34.555,1.836,0.09,704.956,-8.374,-1.844,411.556,20.173,0.037,2.659,199.05,40.213,1.077,3.814,27.133,1.33,77.807,0.543,0.294,-14.867,-5.348,36.284,266.845,13.08,740.223,5.34,2.793,-2.34,-0.965,-15.507,-5.928,31.029,230.328,11.29,633.024,4.609,2.388,0.177,0.526,298.219,0.0,0.0,6083.968,-34.733,-12.678,486.018,23.823,0.0,22.952,1.358,0.425,,11.364,0.139,8.677,,27.697,0.174,,0.104,4996.822,1299.322,-10.592,0.58,5.255,36.518,1.79,107.199,0.731,0.404,9.677,0.004,0.049,0.408,0.02,0.993,0.008,0.004,0.0,-0.0,0.034,0.204,0.01,0.701,0.004,0.003,Africa
South Africa,2006,80.7,69.0,19.54,10.74,223.25,10.07,3.28,5.642434,26793.564,8.72,379790.0085,0.72594017,5.603806459,6266.533987,49,1219090.0,-30.559482,22.937506,ZAF,49491764.0,505574490112.0,,0.072,1.457,0.072,8.284,0.41,0.162,0.005,813.483,1.856,17.264,19145.162,947.528,4857.778,240.42,-0.093,-1.498,32488.068,1607.892,94.724,71.454,250.85,5068.52,253.81,19.487,2.058,26.739,26793.561,2.623,2.054,25.949,4858.182,240.44,26044.467,1288.987,94.732,97.204,8.369,2.892,37.447,0.404,0.02,756.625,55.914,11.28,635.52,31.453,0.008,2.824,206.47,117.549,4.431,8.245,58.596,2.9,166.591,1.143,0.622,2.699,0.79,37.074,270.146,13.37,749.093,5.268,2.796,-2.96,-1.18,-11.217,-3.654,27.375,202.66,10.03,553.13,3.952,2.064,1.943,5.793,304.012,0.0,0.0,6142.68,-34.13,-8.131,317.068,15.692,0.0,22.926,1.294,0.405,,-4.656,-0.063,8.193,,26.155,0.16,,0.098,5128.328,1326.061,90.671,4.444,9.699,67.486,3.34,195.963,1.316,0.731,9.412,0.004,0.053,0.404,0.02,1.069,0.008,0.004,0.0,-0.0,0.034,0.202,0.01,0.69,0.004,0.003,Africa
South Africa,2007,82.0,71.4,19.38,10.36,232.91,12.6,1.3,5.6318626,27245.98,9.01,397059.9976,0.7023894,5.360474054,6780.884555,49,1219090.0,-30.559482,22.937506,ZAF,49996096.0,542976212992.0,990.165,0.714,15.728,0.786,8.601,0.43,0.163,0.058,810.05,2.686,25.45,19461.068,972.977,4951.987,247.58,0.078,1.252,32185.398,1609.144,93.962,71.427,260.34,5207.207,263.49,19.714,2.725,36.135,27246.029,2.509,2.494,32.147,4977.188,248.84,26424.736,1321.134,94.44,96.986,1.234,0.462,37.909,1.8,0.09,758.233,-47.241,-14.859,331.909,16.594,0.034,2.783,213.44,-1.104,-0.142,8.103,57.404,2.87,162.07,1.089,0.595,14.888,3.988,41.061,293.023,14.65,821.293,5.56,3.014,-3.15,-1.21,12.877,3.332,30.707,226.418,11.32,614.193,4.296,2.254,2.051,6.235,310.248,23.402,1.17,6205.435,-18.991,-2.98,254.261,12.712,0.444,22.776,1.374,0.431,,6.165,0.08,8.611,,27.487,0.163,,0.101,5270.211,1362.195,20.808,0.656,10.354,66.605,3.33,207.1,1.264,0.76,8.065,0.004,0.057,0.4,0.02,1.137,0.008,0.004,0.0,-0.0,0.034,0.2,0.01,0.679,0.004,0.002,Africa
South Africa,2008,81.9,73.5,19.23,11.55,226.32,12.75,1.66,5.9859595,28867.244,9.47,426739.9902,0.35045084,3.191043886,6350.65271,49,1219090.0,-30.559482,22.937506,ZAF,50565816.0,571660828672.0,-26.165,-0.206,11.482,0.581,9.097,0.46,0.178,0.04,809.4,11.565,112.525,21467.123,1085.503,4811.551,243.3,1.891,30.433,32424.615,1639.577,94.196,74.365,254.69,5036.802,258.29,18.008,7.158,97.501,28867.252,2.553,7.403,97.801,4816.1,243.53,28061.143,1418.935,94.285,97.208,3.457,1.31,39.219,1.78,0.09,775.607,-11.111,-1.844,291.706,14.75,0.035,2.687,209.06,-56.044,-4.563,3.54,24.918,1.26,70.0,0.488,0.242,-0.574,-0.3,40.762,291.897,14.76,806.111,5.715,2.792,-3.6,-1.413,14.907,4.358,35.066,257.091,13.0,693.464,5.033,2.402,-5.168,-16.035,294.213,2.769,0.14,5818.412,-10.369,-1.318,225.328,11.394,0.054,20.156,1.456,0.456,,5.947,0.082,9.02,,28.793,0.177,,0.1,5107.997,1459.696,-43.153,-4.658,5.696,34.806,1.76,112.648,0.681,0.39,7.96,0.004,0.061,0.396,0.02,1.206,0.008,0.004,75.0,0.025,0.059,0.396,0.02,1.167,0.008,0.004,Africa
South Africa,2009,82.6,75.4,19.32,10.97,218.17,11.57,1.86,5.798791,28399.283,9.74,404200.0122,0.38785627,-1.538089135,6532.736968,49,1219090.0,-30.559482,22.937506,ZAF,51170780.0,574768021504.0,-47.76,-0.277,5.927,0.303,8.794,0.45,0.18,0.021,807.902,0.522,5.667,21324.072,1091.169,4587.384,234.74,-0.877,-14.387,31760.119,1625.19,94.062,75.087,247.8,4842.607,249.56,17.476,-0.444,-6.482,28399.289,2.528,-0.421,-5.979,4588.556,234.8,27612.547,1412.956,94.086,97.23,-15.246,-5.979,33.24,0.195,0.01,649.589,-22.059,-3.254,224.671,11.497,0.004,2.287,201.62,15.243,0.514,4.054,28.336,1.45,79.224,0.581,0.279,-1.823,-0.503,40.258,288.446,14.76,786.742,5.914,2.77,-1.76,-0.71,-1.523,-0.747,34.318,250.338,12.81,670.666,5.133,2.362,-1.926,-5.667,288.546,0.977,0.05,5638.886,-56.894,-6.482,95.981,4.911,0.02,19.856,1.434,0.449,,-1.535,-0.022,8.776,,28.016,0.18,,0.099,4877.002,1453.214,-3.492,0.244,5.94,38.108,1.95,116.076,0.781,0.409,7.373,0.004,0.065,0.391,0.02,1.272,0.008,0.004,42.857,0.025,0.084,0.586,0.03,1.637,0.012,0.006,Africa
South Africa,2010,82.9,77.1,19.38,11.77,227.57,12.9,2.51,6.342086,28247.576,8.83,425309.9976,0.31502998,3.039732881,8148.961202,49,1219090.0,-30.559482,22.937506,ZAF,51784928.0,607601623040.0,-47.758,-0.145,3.06,0.158,7.724,0.4,0.154,0.011,807.589,-1.066,-11.633,20846.531,1079.536,4701.175,243.45,3.122,50.734,32363.164,1675.924,93.779,73.739,257.13,4965.344,259.6,18.047,0.741,10.775,28270.551,2.409,0.725,10.238,4720.872,244.47,27482.773,1423.193,94.172,97.213,24.009,7.981,41.221,15.835,0.82,795.995,-8.491,-0.976,203.157,10.52,0.316,2.816,209.65,-21.267,-0.882,3.172,22.014,1.14,61.257,0.439,0.217,1.48,0.537,40.795,292.17,15.13,787.777,5.828,2.787,-2.47,-0.961,5.63,1.71,36.028,261.273,13.53,695.729,5.212,2.461,4.814,13.891,302.437,3.862,0.2,5840.246,-6.25,-0.307,88.915,4.604,0.077,20.658,1.265,0.396,,-11.757,-0.169,7.653,,24.429,0.153,,0.086,5013.042,1463.988,-22.065,-1.173,4.767,30.897,1.6,92.048,0.616,0.326,18.455,0.012,0.077,0.579,0.03,1.479,0.012,0.005,13.333,0.011,0.094,0.579,0.03,1.822,0.012,0.006,Africa
South Africa,2011,83.6,78.8,19.17,11.36,229.06,12.94,2.49,6.311096,27552.764,8.7,409260.0098,0.6983461,3.168556279,8810.930651,49,1219090.0,-30.559482,22.937506,ZAF,52443320.0,645388107776.0,195.149,0.309,8.917,0.468,7.818,0.41,0.156,0.032,803.382,-2.49,-26.88,20072.264,1052.656,4661.032,244.44,-0.631,-10.582,31755.082,1665.342,93.106,72.787,259.47,4947.627,262.54,18.509,-1.214,-17.775,27576.695,2.241,-1.524,-21.693,4691.732,246.05,26724.109,1401.501,93.719,96.908,3.855,1.589,42.809,16.971,0.89,816.3,31.959,3.362,264.718,13.883,0.339,2.96,210.92,168.075,5.28,8.452,58.349,3.06,161.165,1.166,0.584,10.968,3.918,44.713,314.435,16.49,852.588,6.281,3.092,-3.07,-1.183,-4.62,-1.874,34.154,245.98,12.9,651.257,4.914,2.362,1.19,3.599,306.035,13.729,0.72,5835.546,6.667,0.307,93.652,4.911,0.274,21.161,1.315,0.412,,3.962,0.05,7.856,,25.078,0.157,,0.091,5006.167,1446.214,130.825,5.792,10.558,68.455,3.59,201.331,1.367,0.73,190.942,0.145,0.222,1.525,0.08,4.224,0.03,0.015,8.824,0.008,0.102,0.763,0.04,1.946,0.015,0.007,Africa
South Africa,2012,85.3,80.2,18.98,10.6,226.84,12.4,1.66,5.836447,26770.203,8.14,426779.9988,0.3148212,2.396232385,8222.197279,49,1219090.0,-30.559482,22.937506,ZAF,53145036.0,660853030912.0,18.584,0.087,10.435,0.555,7.903,0.42,0.163,0.039,806.847,-2.401,-25.272,19331.701,1027.384,4509.922,239.68,2.355,39.212,32073.621,1704.554,92.924,72.156,252.9,4758.676,257.93,18.427,-1.548,-22.382,26791.422,2.155,-1.2,-16.823,4579.731,243.39,26054.705,1384.678,94.363,97.25,1.784,0.764,43.573,33.493,1.78,819.894,-14.063,-1.952,224.488,11.93,0.69,3.06,208.11,-66.757,-5.659,2.793,19.193,1.02,52.548,0.395,0.196,-11.063,-5.56,39.153,273.591,14.54,736.716,5.637,2.75,-5.03,-1.989,0.507,-0.035,34.119,244.049,12.97,642.003,5.028,2.396,2.511,7.686,313.721,36.316,1.93,5903.111,-0.807,-0.04,91.67,4.872,0.748,22.034,1.349,0.423,,2.573,0.034,7.952,,25.384,0.164,,0.095,4853.322,1423.831,-47.826,-5.525,5.034,29.542,1.57,94.713,0.609,0.354,7.098,0.014,0.236,1.693,0.09,4.437,0.035,0.017,0.0,-0.001,0.101,0.753,0.04,1.909,0.016,0.007,Africa
South Africa,2013,85.2,81.5,27.93,9.77,223.28,13.61,1.62,6.3854766,26525.145,7.88,436920.0134,0.370654,2.485468008,7467.079185,49,1219090.0,-30.559482,22.937506,ZAF,53873608.0,677278318592.0,-1.919,-0.011,10.096,0.544,8.91,0.48,0.187,0.038,799.133,0.022,0.228,19074.5,1027.612,4334.033,233.49,-0.889,-15.156,31358.531,1689.397,91.157,71.855,251.64,4670.933,256.14,18.245,0.442,6.291,26545.875,2.112,0.196,2.712,4458.027,240.17,25752.686,1387.39,93.765,97.012,-6.953,-3.03,40.544,56.057,3.02,752.57,7.273,0.868,237.558,12.798,1.179,2.835,204.69,8.385,0.216,3.009,20.418,1.1,55.846,0.429,0.21,9.449,3.579,42.732,296.435,15.97,793.19,6.235,2.988,-4.5,-1.788,8.78,2.772,36.891,261.909,14.11,684.777,5.509,2.58,1.757,5.513,319.234,67.937,3.66,5925.614,-4.398,-0.214,86.453,4.658,1.429,22.322,1.525,0.478,,13.038,0.176,8.867,,28.305,0.186,,0.107,4754.462,1430.122,13.54,0.807,5.841,34.525,1.86,108.413,0.726,0.408,182.558,0.426,0.662,4.455,0.24,12.293,0.094,0.046,0.0,-0.001,0.101,0.742,0.04,1.872,0.016,0.007,Africa
South Africa,2014,85.9,82.65,49.69,9.85,218.42,14.76,3.38,7.668245,26411.893,8.2,447929.9927,0.81809825,1.413826452,6988.808739,49,1219090.0,-30.559482,22.937506,ZAF,54729556.0,686853914624.0,-17.826,-0.097,8.167,0.447,6.578,0.36,0.141,0.031,791.608,1.276,13.107,19015.678,1040.72,4198.28,229.77,1.877,31.717,31447.627,1721.115,90.191,71.937,252.1,4606.286,254.76,17.977,1.159,16.579,26433.637,2.106,0.806,11.179,4324.354,236.67,25554.182,1398.569,92.899,96.673,6.015,2.439,42.982,57.373,3.14,785.357,-19.492,-2.495,188.263,10.304,1.233,2.971,201.67,62.608,1.854,4.863,32.889,1.8,88.855,0.707,0.336,12.292,5.4,48.132,330.534,18.09,879.453,7.101,3.327,-2.66,-1.055,-2.212,-1.032,35.859,251.966,13.79,655.211,5.413,2.479,-1.368,-4.367,314.867,68.701,3.76,5753.146,-7.553,-0.352,78.673,4.306,1.476,21.764,1.163,0.364,,-23.757,-0.362,6.655,,21.243,0.143,,0.08,4654.889,1446.701,97.345,6.432,12.273,78.568,4.3,224.242,1.688,0.848,342.371,2.25,2.912,19.551,1.07,53.21,0.42,0.201,2781.081,2.787,2.888,19.551,1.07,52.767,0.42,0.2,Africa
South Africa,2015,85.3,83.4,61.91,10.28,214.88,10.97,6.09,7.3553505,25352.562,7.58,424809.9976,1.2246652,1.321862237,6259.839681,49,1219090.0,-30.559482,22.937506,ZAF,55876504.0,695933206528.0,25.926,0.116,10.073,0.563,5.727,0.32,0.128,0.04,789.936,-6.172,-64.232,17475.82,976.488,4067.899,227.3,-3.738,-64.341,29650.623,1656.773,90.775,68.878,248.85,4453.571,250.4,18.059,-2.004,-28.999,25372.062,2.037,-2.267,-31.702,4139.307,231.29,24462.293,1366.867,92.368,96.414,0.475,0.204,43.186,0.0,0.0,772.888,15.789,1.627,213.514,11.93,0.0,3.046,197.8,-59.333,-2.897,1.966,13.065,0.73,35.182,0.292,0.139,6.069,2.703,50.835,342.004,19.11,909.768,7.632,3.586,-1.55,-0.623,-11.288,-4.237,31.622,219.055,12.24,565.934,4.888,2.231,10.267,32.326,347.193,71.407,3.99,6213.584,0.0,0.0,77.058,4.306,1.593,24.49,1.01,0.317,,-13.092,-0.152,5.665,,18.083,0.126,,0.071,4481.311,1417.702,56.5,6.94,19.212,122.95,6.87,343.834,2.744,1.355,155.73,4.491,7.403,49.216,2.75,132.488,1.098,0.522,188.086,5.382,8.27,54.943,3.07,148.007,1.226,0.583,Africa
South Africa,2016,83.9,84.4,82.73,10.53,213.09,15.21,7.69,9.703801,26236.475,7.91,425140.0146,1.6210166,0.664552308,5756.965741,49,1219090.0,-30.559482,22.937506,ZAF,56422272.0,700558016512.0,-11.029,-0.062,8.875,0.501,5.849,0.33,0.13,0.034,778.678,7.534,73.566,18610.629,1050.054,4068.96,229.58,0.825,13.667,29606.039,1670.44,90.718,70.833,247.08,4379.122,253.07,17.519,4.566,64.737,26274.004,2.116,3.929,53.71,4069.492,229.61,25177.598,1420.577,90.73,95.827,-15.375,-6.64,36.547,0.0,0.0,647.733,-11.727,-1.399,186.652,10.531,0.0,2.465,197.06,-14.521,-0.295,1.67,10.989,0.62,29.607,0.245,0.113,21.859,11.027,61.862,415.793,23.46,1096.404,9.27,4.173,-5.99,-2.424,22.792,6.977,38.6,266.384,15.03,684.125,5.939,2.604,-3.807,-13.217,333.977,0.532,0.03,5919.238,-37.015,-1.594,48.066,2.712,0.012,22.529,1.058,0.331,,4.728,0.048,5.875,,18.755,0.131,,0.071,4485.286,1482.439,20.323,4.049,23.262,149.409,8.43,412.279,3.331,1.569,19.098,1.362,8.765,57.956,3.27,155.34,1.292,0.591,37.056,2.998,11.268,74.616,4.21,199.702,1.664,0.76,Africa
South Africa,2017,84.4,85.2,114.85,10.45,212.77,15.09,10.04,10.563262,26033.504,7.86,435649.9939,2.406186,1.157946952,6690.939847,49,1219090.0,-30.559482,22.937506,ZAF,56641208.0,708670128128.0,0.708,0.004,8.904,0.504,6.885,0.39,0.153,0.034,768.047,-1.629,-17.109,18236.629,1032.945,4037.696,228.7,-0.681,-11.374,29290.799,1659.066,89.532,69.938,248.81,4392.738,255.44,17.813,-0.371,-5.502,26075.314,2.084,-0.961,-13.657,4039.815,228.82,24839.158,1406.92,89.579,95.259,9.748,3.563,40.109,0.0,0.0,708.129,,,,,0.0,2.716,196.19,24.359,0.395,2.065,13.771,0.78,36.46,0.305,0.14,13.167,8.156,70.017,469.976,26.62,1236.153,10.421,4.741,-6.63,-2.665,-5.544,-2.354,36.246,250.524,14.19,639.915,5.555,2.454,-0.033,-0.111,333.866,2.119,0.12,5894.401,,,,,0.047,22.605,1.233,0.386,,16.553,0.175,6.821,,21.775,0.151,,0.084,4509.791,1476.937,44.617,10.51,33.772,219.452,12.43,596.237,4.866,2.287,29.475,2.517,11.281,74.857,4.24,199.17,1.66,0.764,66.833,7.42,18.688,123.938,7.02,329.929,2.748,1.265,Africa
South Africa,2018,84.7,85.7,136.82,10.19,214.25,10.56,12.22,9.610598,24742.117,7.73,434350.0061,2.6591578,1.487617373,7005.095413,49,1219090.0,-30.559482,22.937506,ZAF,57339632.0,719458336768.0,61.665,0.311,14.219,0.815,7.499,0.43,0.168,0.057,774.587,-5.1,-52.684,17095.684,980.26,4028.802,231.01,0.683,11.333,29131.672,1670.399,90.122,68.975,251.63,4388.414,256.33,18.541,-3.776,-55.763,24785.197,1.975,-3.505,-49.314,4050.253,232.24,23676.572,1357.606,90.602,95.527,9.969,3.999,44.108,0.0,0.0,769.239,,,,,0.0,3.104,198.55,42.139,0.853,2.918,19.184,1.1,50.894,0.429,0.205,-8.142,-6.449,63.568,420.128,24.09,1108.624,9.398,4.473,-4.7,-1.868,-18.41,-6.846,29.4,201.955,11.58,512.728,4.518,2.069,-0.188,-0.628,333.238,21.451,1.23,5811.648,,,,,0.48,23.448,1.377,0.431,,11.639,0.144,7.522,,24.013,0.168,,0.097,4470.381,1421.174,3.132,0.397,34.168,218.174,12.51,595.896,4.88,2.404,7.879,0.818,12.099,79.701,4.57,211.004,1.783,0.851,-8.715,-1.728,16.959,111.79,6.41,295.766,2.501,1.193,Africa
South Africa,2019,85.0,86.3,136.8,10.5,208.39,13.6,12.57,11.15706,25511.209,8.03,439640.0146,2.6449363,0.113053697,6624.761865,49,1219090.0,-30.559482,22.937506,ZAF,58087060.0,721641603072.0,-15.011,-0.122,11.929,0.693,7.403,0.43,0.17,0.047,765.649,6.579,64.488,17985.9,1044.748,3877.972,225.26,0.136,2.277,28796.021,1672.676,89.187,70.32,247.4,4259.124,252.57,17.486,4.54,64.526,25577.125,2.059,4.43,60.148,3901.385,226.62,24407.4,1417.754,89.726,95.427,-3.392,-1.496,42.612,0.0,0.0,733.584,,,,,0.0,2.868,193.38,-32.82,-0.965,1.953,12.739,0.74,33.626,0.293,0.131,6.978,4.378,67.946,446.743,25.95,1169.722,10.274,4.573,-5.17,-2.09,14.439,4.121,33.521,228.106,13.25,577.074,5.246,2.256,-0.853,-2.843,330.394,23.413,1.36,5687.917,,,,,0.538,22.238,1.373,0.43,,-0.277,-0.004,7.405,,23.639,0.17,,0.092,4348.128,1485.7,0.498,0.257,34.425,218.637,12.7,592.648,5.028,2.317,7.216,0.825,12.924,84.356,4.9,222.497,1.94,0.87,3.463,0.523,17.482,114.139,6.63,300.958,2.625,1.177,Africa
South Africa,2020,84.38554,86.8,162.5,,197.5,11.62,12.83,11.015995,23568.951,,,3.150246,-6.431974826,5655.867654,49,1219090.0,-30.559482,22.937506,ZAF,58801928.0,675871719424.0,6.058,0.042,12.498,0.735,7.313,0.43,0.18,0.053,766.934,-2.112,-22.061,17392.062,1022.687,3640.357,214.06,-2.404,-40.212,27762.096,1632.465,89.393,73.422,235.64,4007.352,239.46,17.674,-6.246,-92.804,23687.934,2.061,-6.173,-87.512,3665.696,215.55,22622.416,1330.242,90.015,95.502,-6.821,-2.906,39.705,0.0,0.0,675.238,,,,,0.0,2.851,183.65,97.706,1.894,3.848,24.999,1.47,65.432,0.614,0.276,-7.607,-5.291,62.655,406.619,23.91,1065.518,9.985,4.498,-3.82,-1.621,-25.272,-8.563,24.957,168.362,9.9,424.43,4.134,1.792,-18.93,-62.545,267.85,25.339,1.49,4555.115,,,,,0.622,19.23,1.308,0.41,,-4.752,-0.065,6.967,,22.242,0.171,,0.094,4072.316,1392.896,9.863,3.272,37.697,238.258,14.01,641.088,5.851,2.706,16.255,2.046,14.97,96.936,5.7,254.581,2.38,1.075,-3.332,-0.645,16.837,109.01,6.41,286.337,2.677,1.209,Africa
