,Value_co2_emissions_kt_by_country_trend,Value_co2_emissions_kt_by_country_mean_change,Value_co2_emissions_kt_by_country_change_stability,Value_co2_emissions_kt_by_country_acceleration,Value_co2_emissions_kt_by_country_total_change,Value_co2_emissions_kt_by_country_volatility,Primary energy consumption per capita (kWh/person)_trend,Primary energy consumption per capita (kWh/person)_mean_change,Primary energy consumption per capita (kWh/person)_change_stability,Primary energy consumption per capita (kWh/person)_acceleration,Primary energy consumption per capita (kWh/person)_total_change,Primary energy consumption per capita (kWh/person)_volatility,fossil_share_energy_trend,fossil_share_energy_mean_change,fossil_share_energy_change_stability,fossil_share_energy_acceleration,fossil_share_energy_total_change,fossil_share_energy_volatility,Renewable energy share in the total final energy consumption (%)_trend,Renewable energy share in the total final energy consumption (%)_mean_change,Renewable energy share in the total final energy consumption (%)_change_stability,Renewable energy share in the total final energy consumption (%)_acceleration,Renewable energy share in the total final energy consumption (%)_total_change,Renewable energy share in the total final energy consumption (%)_volatility,energy_per_gdp_trend,energy_per_gdp_mean_change,energy_per_gdp_change_stability,energy_per_gdp_acceleration,energy_per_gdp_total_change,energy_per_gdp_volatility,gdp_per_capita_trend,gdp_per_capita_mean_change,gdp_per_capita_change_stability,gdp_per_capita_acceleration,gdp_per_capita_total_change,gdp_per_capita_volatility,gdp_growth_trend,gdp_growth_mean_change,gdp_growth_change_stability,gdp_growth_acceleration,gdp_growth_total_change,gdp_growth_volatility,Cluster
Algeria,-0.09912204312560824,0.8238886725068081,0.41278667365677196,1.6916195844582316,0.7157681244746268,-0.7767883245156466,-0.007054062219543047,0.8783019035320223,0.20072537738094354,0.8272010419087661,0.8691807869988536,-1.0565544362134753,0.1537535726578471,0.17399735431977428,0.23243229763301812,0.42021867793863066,0.3242579300486558,-0.7749894087721868,-0.20784873822247663,-0.6162885044273887,-0.6201053486605954,-0.1784626555347382,-0.8586424993918492,0.2570304768886106,0.2449839959559612,-0.13234956009064336,0.42175551757198554,0.45671099232571627,-0.2302675116911156,-0.6178323495658433,-0.8265760932606372,0.05219030486604192,0.12167573109512887,-0.6344176861013414,-0.20247098176416906,0.3746056706481365,-0.06765367673352472,0.09497547989968837,-0.1057021402640485,0.10250287576458916,0.5276089062872965,-0.5706102132734406,0
Argentina,-0.08088876497176983,0.16610423844992991,0.30404533924698524,0.771259889531851,0.004891156409252603,0.6525760227813966,0.07653382428106391,0.14287092178347724,0.18601583018630552,0.5530183808716355,0.07262747016662811,-0.1474908658945762,2.0235259574158717,0.44854305974874553,-0.9414917443235141,1.4039627487478714,0.5399034540504517,0.41291391099778124,-0.9333632186857038,-0.5153861464425888,-0.71602708182269,-0.5954565083340978,-0.6420036093109684,-0.07874939552217533,0.48441593393827337,0.7261773980265244,-0.6558724996558734,0.11992999946952905,0.7592092331005893,-0.13072752748883573,-0.8555887295624236,-0.5900626784137097,-0.47159964375419394,0.5520846622936804,-1.159299085572519,2.8165917670548044,1.8704914290775514,0.15547167066300716,-0.48465469935253813,-1.2051200901057963,5.3847532631522785,-0.11975127105258622,0
Australia,-0.06040572403188503,0.02975254688715243,0.4137439816483928,0.888707329831777,-0.05789727152568073,-1.4394082452995165,0.019403438578584096,-0.30792955272013084,0.15629072469966054,0.25236551759135484,-0.31685554128342897,-0.9282201768319747,0.23623757012115246,0.24425465307326047,-0.6835985196105949,0.2982952231100319,0.40072089377882336,-0.7412846517961648,-0.5685469223325756,-0.5820895796258733,0.10516422253396036,-0.04318362215435237,-0.6748433171392264,-0.22939609735219335,0.3634722702874658,0.2777369067321839,0.4205838755317589,-0.29920622544198827,0.23288958856805642,-0.9285131654453561,1.024128903607111,-0.21451403307074368,0.08838326779692303,0.4499902501637255,-0.39529017569805874,0.26178814953368,0.4028889643286347,0.05277008325840804,-3.25216006180345,0.12586887887498718,0.5660954123930866,-0.6093103549538676,4
Austria,-0.15604495258246112,-0.5047665159362332,-0.40973510856943435,-1.1876799239761353,-0.5496894517686509,0.09220352336646813,-0.22419261609816987,-0.3853248480034908,-4.164865263783862,-0.18979211712977873,-0.38729653629473065,-0.8217944413196698,-0.24425479621031837,-0.17305059364007977,-0.5962393522002852,-2.02821499131833,-0.20492482196155792,0.8719535988497437,1.1298110150723288,-0.165573430196961,0.3139448363002484,0.11720013377161076,-0.19466921640298196,-0.2740156913342773,0.4578473623294036,0.500386743827347,0.20754373585426064,-0.208481084046354,0.4942018255038019,-0.6881877574036515,0.9612178057413793,-0.3329437330937044,0.1907070482379073,0.2252043651839099,-0.41154311398397664,-0.6020696222961961,-0.014146843720482138,-0.17927948175055858,0.2256391537064507,-0.43202190852564826,-0.5262740352293248,-0.29655230152209316,4
Azerbaijan,-0.15729079065240129,-0.8164454679704832,-0.24862294786150488,-0.6271193573651679,-0.8539267133900401,1.483017834836724,-0.16164262129386883,-0.7812437589633697,0.15910979684681595,-0.6664231165204294,-0.8245228334857183,1.09824339207462,-0.17953762211543858,-0.24923247949953314,0.4103594116377333,-0.014442270763588507,-0.14254549604336852,-0.45689032015174463,0.15357617157756873,0.4016506331372651,0.3135247604430689,0.7873694548651069,0.372213694884381,0.30342155911049296,-2.717915408037107,-3.9225123537659887,0.41525470245034296,-1.7231039468565015,-2.953554462009502,2.4072958384971277,-0.6879596311209042,3.2309976776341562,0.22382721579492526,-0.5571124312789322,4.320715071873003,2.2570910823916934,2.4655119712701357,0.14141963674650507,0.14939685540563946,0.1204389892752365,0.8133040326118507,-0.5230143436872032,2
Belarus,-0.1452552851764126,-0.2472799873438646,0.26835407662526756,0.49298135541624377,-0.3201619456732406,-0.43749181694401035,0.25064561119862583,0.3774132119998776,0.18834741242250846,0.2593686270366447,0.2863434259799372,0.1714539712769001,0.1724661584869395,0.17197382315361162,0.5481891284300584,0.39329478495684705,0.32229102717397284,-0.8274101218959119,0.1693218948597429,-0.04118144981495605,0.47714848881994565,-0.6932685165079289,-0.01726873273747968,-0.31264684154512834,-0.4084013977806788,-0.648573553412893,0.4052212878047925,0.19178217895811775,-0.7599026020482991,-0.1173850188697024,-0.679526460144541,1.5846841995338634,0.22326715398841412,-0.2122822666481391,1.480632306685347,0.8420769877630034,0.6886202310878612,0.0328184911184891,-1.53314501161299,-0.024465037417593993,0.2624165844870079,-0.6163315793029469,6
Belgium,-0.1874757555210305,-1.2481671732031239,0.3486607407281884,-0.109439484037255,-1.0859177381660476,-0.4563918653731427,-0.4180310181920911,-0.7730904968000452,0.1863340886502684,-0.2471676096526409,-0.7226295755214821,-0.5079016279106106,-0.0008560715089876246,-0.28777808205208355,0.2800687478311746,-0.92838135891967,-0.19875392633006614,-0.1927880673507617,0.5295355951765439,1.2758385402570906,0.610864178987886,0.37449165149622576,2.915473929314493,-0.20176386955952946,0.30668352244101665,0.2964990530750699,0.2915469846042064,-0.6047365704326315,0.24727051756579102,-0.5920602646773542,0.8189204908700115,-0.34977942188902056,0.18238567534029843,0.2259684522874281,-0.42642528485473913,-0.5638260183447039,0.015198392312637558,-0.32830675087178696,0.272650540760835,-0.7840819670341413,-0.13422056415878195,-0.08239043019619603,5
Brazil,-0.06823986523539721,-0.12446980936775201,0.3058243841899992,-0.16829816647967472,-0.21697503767139348,-0.3445606119151764,-0.05090296595219089,0.15548560060844413,0.19236728145375798,0.8578538221296593,0.10520037626039537,-0.6196957123118874,-1.4449002400395174,-1.6253957424922671,0.4272254042162614,-2.9944768872565657,-1.6880349904708254,0.5657276526183809,1.3203342667866276,-0.22289017137057546,0.47195574549638636,0.021147400612638863,-0.24834334341085423,-0.41186402564965263,0.4617508017600901,0.2811580500964889,0.4381865082074066,0.4181695997771843,0.23767713956034167,-0.9800578437263929,-0.604908365410588,0.18430971947438693,0.10372663827645111,1.603048299726383,-0.1242048458352813,0.7133861626801782,0.6132170348453726,0.3119633605915262,0.26610383863582193,0.06121036623947025,0.21909208931671384,-0.26735515812476046,5
Bulgaria,-0.1527417577003469,-0.5570566397847784,-2.1629996908438645,-1.8272195942766292,-0.6338534165770215,1.0604542702058726,-0.08084192410284595,-0.38270086644109225,-7.088228556774349,-1.312581536761404,-0.43545327085002244,0.3095857721563813,2.117404140714949,1.2309891138309834,0.056809171534974355,-1.2952809245665184,1.2667638958260359,1.2331530529471117,0.49114025455770544,0.14687898987456097,0.39972186924989245,1.0214035639857555,0.19772447240309157,-0.08827206063883522,-0.8825433712081857,-1.0189068783540498,0.398455938342804,-1.6237058991445505,-1.1047056564062634,0.24247804849778254,-0.6193590649353873,1.513438373054444,0.27984145621351686,-0.17809481181374515,1.5796264677051663,-0.0761777614935318,-0.018534056811242264,-0.04867928456640527,0.25010434048147256,-0.1327598956901113,-0.250539206200523,-0.577746441007142,2
Canada,-0.10162322594776542,-0.5261481669299048,-0.3488438680957001,0.40676390964826264,-0.5503488029728895,-0.4511909560515755,-0.4658700764780417,-0.7020130700217642,0.18678655530266103,0.37074577769165734,-0.6586446018867234,-0.7013600523304484,-0.14702140799119584,0.12424843403582642,-1.54640449255828,-0.4203287968939731,0.24028788289509073,-0.09431297013990253,-0.05874885083512457,-0.37486710749962804,-0.2649970024018463,-0.09011357841399764,-0.42874873653235746,-0.44089337650555194,0.16830029875310676,0.3788311157724406,0.36007025225446915,0.3603931670414678,0.35105383232440984,-0.8610236561452461,0.6689445079715473,-0.643924687102671,0.11943424013330778,-0.013785474109776314,-0.6381849270543956,-0.5394101509877726,-0.1176033913615066,-0.22659487581876891,0.2843217850014446,-0.4771487585875144,-0.1697410821081531,-0.28342271565359034,4
Chile,-0.12415315096823722,0.534907112323917,0.36409169600272695,0.9421156084233719,0.378674728751455,0.2883380101333969,-0.05986127678414028,-0.13536268741950128,0.1782512063283181,-0.10015568249618936,-0.17129721409184318,-0.5513522035488236,-0.0915141588110079,-0.9002169282940001,0.2903857348750822,0.7925151923183714,-0.9289641138446788,0.5494857123343824,-0.3718465022537318,-0.3892176162093412,-3.0389773728622966,-0.36756729679596767,-0.4508929493633264,-0.37027314743988277,0.5063885204110125,0.4930421775047984,0.3022889636129538,-0.19134703519690605,0.48936227755689254,-0.8623140124227487,-0.5303351610891746,-0.1768419129623134,0.09497168979091852,1.0393977264527412,-0.36163255445352255,0.2686023687615247,-0.023207784671566402,-0.07682975557492462,0.32097346894545836,-0.0751075066414067,0.037316052856112926,-0.5691719991245513,4
China,8.196242259438117,3.03990262372278,0.4214498982997993,1.148010558956864,3.674318461250019,0.29286286812249185,0.6676562701066626,3.4016057671479905,0.19975351002352743,0.44760205945759224,4.3661035675373405,0.2710603820195892,-0.2150262325446268,-0.2780854868209932,0.42996271118423063,0.9026467783787191,-0.17320046389577942,-0.4674668527060988,-4.187277495421031,-1.364590431084537,0.6022214673595676,-0.39324634597970554,-1.2422884784795833,-0.31266444163884344,1.2823545040113309,1.7055038911575702,0.06838814102233073,-0.32913504463841237,2.1651700018888924,0.01278755123623011,-0.8403767510701069,1.2855426013702025,0.30418643219823566,0.7606760825253681,1.312862086410795,-0.5583768977043089,1.1694136834297293,0.0625708565393895,0.11644666442410172,0.12419904911501464,0.9981928868062275,-0.7142159206037065,0
Colombia,-0.15406665758188545,-0.3451950586500684,0.3010177981780815,1.273132187158506,-0.389896333284116,-1.048189839420104,-0.10483195436026252,0.2604148150839007,0.18660816468586325,0.4159638765335674,0.17646726534257348,0.08696394656609767,-0.4045615332950421,0.07016290684092381,-1.3964487478871368,1.8996865414966058,0.14928811831762429,0.24072815456432275,0.42839960332565774,-0.26946192352737236,0.26495071256532887,-0.04006140718616366,-0.31139914130264473,-0.3612961215519104,0.6013302407574048,0.6212238892505316,-0.35089970710134005,-0.31588565783257944,0.6225539992247391,-0.06142911919179026,-0.8074332574073588,-0.1467421256262933,0.1251404880517078,0.5820755025568735,-0.3204468508960398,0.08375306479421905,0.8305932150301709,0.056332429551428205,-1.932004365973692,0.0829048146835261,0.5060607667208527,-0.6126027318454669,4
Croatia,-0.15461337808965456,-0.0707788780949403,0.2857054688706163,-0.8088427175194396,-0.1842664277110775,0.08596951395769854,-0.00961504390797019,0.2599912800991444,0.19374598917941802,-0.2566781036584904,0.20679049452847179,-0.5892688319770174,1.4482997179399484,0.4643556072697605,-1.876447474193905,-0.9358671336502455,0.39716218512259344,1.2932312165674635,-0.45917470599563304,-0.35388331062588585,-1.5357064474008773,0.27446116024179745,-0.43723860414061555,-0.21053592014542225,0.0918054776517361,0.049698032751006864,0.1716158046881458,-0.0029146103074836104,-0.06139932343782312,0.16116124492725867,-0.22666782132627786,0.6670759393546438,0.24169893935475645,-0.7531208369503734,0.4712648932070834,-0.16174638050242107,-0.7376955904011862,-0.35540233486073997,0.3646801435655541,-0.7976308130266543,-1.4864450845712947,-0.228198745339005,4
Cyprus,-0.15692884954510325,0.03569269357066496,0.3539811032617778,0.8463057513324901,-0.06839091747929595,-0.5364654532153144,-0.14754706574697657,-0.4035694572017539,-0.29408025992221587,0.1898021326586676,-0.430659831601244,-0.0479711427293801,0.0,0.2220698813596159,0.6454008626027335,0.4246599894481716,0.0,-0.8444489181417045,0.4626768317014682,0.6032223012536609,0.5252730029392755,0.5419892179454363,1.044400664291378,-0.08681503004248083,0.33860358359195986,0.16290741650457427,0.10618666242511463,0.2067653160330615,0.06411396997055703,0.1768999736681943,0.4699178132772901,-0.017165958009301773,0.19994673965003096,-0.1268456051693516,-0.17587451918244862,-0.3568015235906575,-0.2020437994775066,-0.09267666251710774,0.3374608667543186,-0.10380431881734084,0.007005777245804163,-0.5565399384263682,4
Czechia,-0.17126935112697395,-1.009401238126982,0.31136364424827484,0.16063097604688234,-0.9138480683064242,-0.6577302650987724,-0.05767732866309768,-0.2756326142510989,0.14580516899016854,-0.211992629823412,-0.29837547316243185,-0.5400924464560877,-2.7387483225530413,-2.66049315908281,0.5828813852557142,-0.0657509339333519,-2.661751829488202,-0.2139488618047515,0.6315194336656984,0.3402316881228341,0.5444006227598125,0.0744186164307996,0.5812965663646439,-0.23856880245039697,-0.40903098478563,-0.41462829895578923,0.39705602864242956,0.17153655319897448,-0.5298289654663926,-0.2668056606688441,-1.417838484790765e-16,-1.809674366913606,0.41365262489200383,0.7114296309841126,-2.400147744263049e-16,-2.101906501479084,0.0,0.045423722501924765,0.6155296729842986,0.1256959622636028,1.9497647063773718e-16,-0.7594305946512573,5
Denmark,-0.16712321418829842,-0.866880508679975,-0.11786805414540115,-0.08599199925476829,-0.8856034703997592,1.5072125649819863,-0.5280115634791863,-0.918885527576725,0.17939143309284397,-0.077231445674523,-0.8780298429306279,0.390485700931153,-2.4134510723878564,-1.8613062004019327,0.5558946700826012,0.24176009755536207,-1.8523617334001998,-0.19205198849277383,1.8550832536389097,0.39669390284770917,0.5579944732465449,-0.321372491132792,0.690083867909246,-0.24791075120322043,0.4626322235670199,0.34221221125210083,-0.064026823845995,-0.13074111395845037,0.2665006103015604,0.254225890675897,1.3965049697593743,-0.3979732388965882,0.17584346522688205,0.057037482830786114,-0.46276747003620783,-0.5725271349495112,-0.36905200999179943,1.021597976881701,0.39928379884799814,1.8939915216602943,-0.6595774829113166,0.3558651395411523,5
Ecuador,-0.13904608531979384,1.3081250345731492,0.41256478576590383,0.7665431077455114,1.249664862424555,-0.3714924664567812,-0.08567342273170739,0.28839002197047886,0.19227958304866305,0.16448314374860853,0.22740559362840376,-0.40647448053785284,0.7443371930428363,1.3488174435216422,0.2662659895407851,1.2131839651166896,1.5062004761629106,0.6501065749212422,-1.2055219895706581,-0.8816075339854778,0.42177211948909027,-0.5520525149643426,-0.9425634955584112,-0.17342132743874816,0.5728099494331906,0.47597513459756446,0.1920577888561053,-0.09367691729497607,0.4624529932809999,-0.6179362293213579,-0.8464592388998484,0.5717942590820191,0.2679833973693584,-1.4354699409233784,0.41211448745621637,-0.5215446318225773,0.5884686584625204,0.42185318201341465,0.40271584074167666,-0.5520915501000586,0.5947056240229164,-0.3361792717096076,0
Egypt,0.0,-0.6062136365819562,0.4476558972948523,0.9140754115187804,0.0,-1.9443820907786613,-0.06084208087059538,0.7206594373702028,0.19974916285551042,0.5222978319911181,0.6937913125921961,-0.9473763953315378,1.252729551964279,1.0646701252327484,0.5854889075926066,0.5754887620398217,1.3081153188572587,-0.6678340957383397,-0.7109851575620836,-0.8124821116230153,0.4950048707865708,-0.3042422063727697,-0.8681658316866531,-0.30658398832380035,0.42523475547301615,0.17588772730525137,0.4459280021148771,-0.17002396095758526,0.11538826389370159,-0.9307916043664737,-1.417838484790765e-16,-1.809674366913606,0.41365262489200383,0.7114296309841126,-2.400147744263049e-16,-2.101906501479084,0.0,0.045423722501924765,0.6155296729842986,0.1256959622636028,1.9497647063773718e-16,-0.7594305946512573,0
Estonia,-0.1552515371230469,-0.31870712883055397,-0.2915148287033406,-1.9151239582711084,-0.5669960316777187,3.0315600083190937,0.4597988639103869,0.23150165878569345,0.17404554056050076,-1.5900831740008239,0.05641334683122919,1.1538672749991299,-0.4806278569180622,-0.5312670925003622,0.5247907322718751,-0.2933464778565124,-0.44265547528297255,-0.526567361465325,0.24587033420077062,-0.11228028521264415,0.2542239044691133,0.8843193262608291,-0.1478695780790653,-0.17131482185553004,0.32601184349296847,0.6726759461129773,-0.9211862058320056,0.46458706209972195,0.6571772175857823,0.4691315282158459,-0.034196937254691626,1.2127525004055917,0.2126040144765589,-1.3251488268022162,0.991633319420431,0.6663143147737651,-2.94219192057439,0.055426132493579576,-4.844071957997688,0.5516470174972529,-0.7560915261590275,-0.470907327857823,6
Finland,-0.164973474678646,-0.41159126246166194,-0.6544200587973947,-1.112263072243312,-0.650033277616624,3.077742365173922,-0.4825874847679678,-0.700166377601407,0.16634304425738522,-0.5728048222381318,-0.6971459750980488,0.24219323075805355,-0.946978822647005,0.44244695295285086,-2.375986617708861,0.10487233382975027,0.32474809223616985,1.4850863958481815,0.6108077515022251,-0.3535901262999063,-1.04944312251184,-0.27744865437101923,-0.4233739073381531,-0.27612436663931494,0.15696773266401415,0.2728560276969561,-0.001069768734383645,0.15851010524207182,0.18370566274009154,0.26034126762659565,1.0047458187615659,-0.31977290635065175,0.1651378797734896,-0.2706989935051328,-0.4158703801850066,-0.4151453460126126,-0.8515014974035432,-0.9439596890022354,0.3838804957909449,-1.9047511383783466,-0.7206744208382718,0.45147489481640213,4
France,-0.20230773266203728,-0.9374307731486355,0.35102103919997096,0.2561504492639863,-0.8528753389820161,-1.1949549638046142,-0.588573000809685,-0.9379289059076812,0.19506515996660795,-0.21346803327865868,-0.8453879778722767,-0.8177943881487649,-0.13443376000268958,-0.2908801134136428,0.4073691738679241,1.2049746254408806,-0.18905933245614062,-0.4172768146272523,0.1639925731334683,-0.12975610030655638,0.33512189359636285,-0.07514665186421499,-0.15109569529164446,-0.2537904212170079,0.3739863732701238,0.252025587954361,0.43018289007437444,-0.2689671118911109,0.2030723170196011,-0.9364632290768484,0.6272494710473845,-0.43820973762259174,0.1710344538499136,0.1251471804618408,-0.49051254282411977,-0.5860718717963299,-0.22778821413563574,-0.9834871441671073,0.36852229558757743,-2.0982700305894846,-0.2636072778463913,0.5833422196809548,4
Germany,-0.31180836168495263,-1.0929668986749503,0.3468311563779279,-0.2879554938583558,-0.9712288399816603,-0.7952800123953684,-0.39685478461249524,-0.7076232209496072,0.1850113968934625,-0.37672654071132533,-0.6661031785260547,-0.60387608969404,-1.3794850031760288,-0.964458408131852,0.5932342044452041,0.2769981016478028,-0.8997716803194032,-0.6278966484013646,1.6192607672512787,1.079462051160053,0.5859919447553597,-0.39773484904683787,2.260660646931291,-0.13544183286891498,0.330418952527615,0.14766323365979608,0.363540132214397,-0.1457266558860307,0.07678982359209309,-0.640469902374613,0.525695623422783,-0.5654932916926354,0.15319709749214286,0.12819106494105226,-0.5781911107642157,-0.6256525783686129,-0.11163321811525403,-0.44617879146201467,0.23446884368175,-1.103609777724953,-1.1023676332398444,0.23031429678863474,5
Greece,-0.15273413956751528,-0.5764793662282554,-1.3943833435590103,-0.13881297111452534,-0.5857829756243847,-0.6619202612918847,0.03311775095241339,-0.09711187558114746,0.18392870664871105,0.11769440590324147,-0.13268617144774883,-0.6526260022272689,-0.7687476351170763,-0.614134081828274,0.4269558996781945,-0.5850986587383222,-0.5470071394494852,-0.2053819870313422,0.15333392968092077,-0.1764753489233535,0.30782877492786653,0.6769379003157318,-0.2075668564111006,-0.28122187230454804,0.2653196562158319,0.027014236618281184,0.43067233731166826,0.5019401324417511,-0.054512237500126536,-0.7733547195490105,0.42646576405783215,0.21543111557128217,0.21074070444219023,-0.05584354875781978,0.022973677969368545,-0.22993566621577882,-0.8368759173861984,1.6237574627361906,0.4353831025492986,2.3499438656862064,-0.5139244734490349,0.7428107115346949,5
Hungary,-0.1691729479604772,-1.1218061835088131,0.31352911629733454,-0.7833664447931082,-1.0016377576628654,-0.32516627657631564,-0.12895900024044255,-0.403495601195445,-0.20683383247176246,-0.5724051380344503,-0.4201390984846702,-0.2986691795103379,-1.491467782150931,-1.3928973830888485,0.47098605636831875,-0.761668664264558,-1.3956953875292235,0.14100973442036843,1.2922342067753665,0.9543969191293423,0.4463123967312658,1.6587056435191476,1.5151908329705481,0.36224182607411026,-0.10997715743459352,-0.5554247743923186,0.4521509699306837,0.03329819095292867,-0.6607652341972611,-0.4764804236656518,-0.2997732958373328,0.5960401759156067,0.1955949258664542,-1.413577873506289,0.3285491420630385,0.2878815164270695,-1.2148670544219928,-0.46686804285761846,0.291468462952488,-1.2836886732876778,-0.7713705589330219,0.11768996194292848,5
Iceland,-0.1595148256585324,-0.8068144783826031,0.11067647590827942,0.9045067951222262,-0.7713203080551436,-0.36160672835867635,4.033580681789928,1.6303531267782982,0.19462067408133563,0.5666960845454885,1.633283616794253,0.9838195534565113,0.0,0.2220698813596159,0.6454008626027335,0.4246599894481716,0.0,-0.8444489181417045,2.78916800711678,-0.1279876555903489,0.5042426368114247,-0.4322823453497372,-0.1271647027452953,-0.3821259429954253,1.6103693335900437,2.207997972648289,-0.04596375240222859,1.4662701033828092,2.8646191962341296,1.6146322655086773,0.954530952045726,-0.9837305290617967,-0.41137351535211847,-0.48151233165692925,-0.9737572460959378,1.0023825813409204,-0.3856621575863059,-0.009772324966801495,-1.6985585686197289,-0.6814236811487147,-0.815887157672152,-0.08458748026973573,6
India,0.9221756982771279,1.5819957659943753,0.4198664322123028,2.002724780815895,1.589325171493212,-0.5205741674687484,-0.11311299441026708,1.1807449274677055,0.19893990509791518,1.4871510817099625,1.2007041886290988,-0.5519126482738483,-0.03436308440156013,0.3942139718972606,-0.15041933005131872,0.6361579821963084,0.5532697877345479,-0.3651513743536015,-2.2202732946325794,-0.6870711259007508,0.571161877457284,-0.6431722585089105,-0.7481887056206855,-0.43100282586687766,0.5571332330099468,0.6083242257105943,0.15501646947829673,0.5791652830586155,0.630808174293829,-0.7803514299068403,-0.9906220509393363,0.20565773171252313,0.2404828808058305,1.2905017518080129,0.0387231246381513,-0.5120332414940751,1.0690258145949918,0.22188960681280095,0.3883592647865322,0.36953150816904956,1.6429183296785248,-0.5476298930887363,0
Indonesia,0.028756614993691053,0.8078955221289467,0.40334360881542075,0.4281195522731087,0.6903772109942359,-0.4771814845229195,-0.136612052019448,0.5850526108179438,0.19610149172625033,0.09776951609863166,0.5346459348338731,-0.4899871633289611,0.3703331761528429,0.26374705765905193,-0.4703248425382834,0.5305023243824557,0.4212043646015658,-0.6817526203963936,-1.6471289671614682,-0.6245039159463107,0.47784580391583104,-0.5826217169274439,-0.6924079537320922,-0.3919456215371163,0.45073302917347324,0.26649946663453844,0.17642219876380721,-0.8072869160198178,0.2000426917602899,-0.2276339668072478,-0.9288924730249168,0.5595281194308777,0.2592721726106717,1.287295829547816,0.38715006282307335,-0.43566345542355406,0.8522519721291532,0.05054622356176308,-1.351693012233724,0.1312084958767791,0.884172043741634,-0.7061889854660786,0
Iraq,-0.16687367075375562,-0.16614406623725816,0.0895170598746736,0.32338817414211535,-0.3504619951167539,1.745864796245892,-0.4112448560660094,-0.9625658684270586,0.17284734084735828,-1.0259842265400854,-0.9635587704824936,1.0964650220589287,0.0,0.2220698813596159,0.6454008626027335,0.4246599894481716,0.0,-0.8444489181417045,0.19100254460981214,6.303000874405549,0.26291036519032135,0.06765320709411675,2.9254271342476037,7.256353256715648,-2.5563633825670538,-2.8057043417692547,0.331584566604156,-1.1903291792230044,-2.472259712584588,2.7530633608941444,-0.8429499905885438,0.490115321299432,-0.14554298969458768,1.427929252817746,-0.4792495899152012,3.756719053137795,1.1307687839178655,-0.129454572181945,-0.3911687693839737,0.18360090683104474,0.3757599621200862,0.17071339808951316,2
Ireland,-0.15831660873820078,-0.7605895263178133,-0.08547608580333968,-1.3167371094813065,-0.7468389387876334,-0.017311479741724298,-0.5651985471373773,-1.0748271377487577,0.19009639721772506,-1.205379450838741,-0.9726447503685922,-0.15761412289022736,-1.752813475451295,-1.3541712116031916,0.5814273964813369,-0.26932252683884206,-1.312510421281149,-0.49166085601454473,0.49937647904376503,0.9599513347638978,0.5451022389604295,1.1935826630321384,1.8317455568916556,-0.010367461070091823,0.28552939907471153,-0.3685485104591085,0.39179048731127425,-0.8054236807175805,-0.4832780942819893,-0.27864635797306064,1.4055280949863174,-0.25756605473144434,0.13709545664293882,-0.8281133345290134,-0.3911135078607713,-0.14643799715909298,-1.8515254305835949,-0.08359392028955684,0.2389813977805606,0.2338136897337678,-0.13349413404931526,-0.5027549553133281,5
Israel,-0.14336937928158364,0.001472901247739392,0.3622554873243679,0.49736849076691186,-0.09496647241452372,-0.7292538274704281,-0.2650086593422194,-0.5940195790003738,0.18361295996546467,0.2990168550217803,-0.5653265455603045,-0.8583664730623344,0.19322789631419196,0.18768203589344276,0.476237670192374,0.3916024711673882,0.3394347840456652,-0.8240954021094511,0.34506839087846397,0.10870183432766124,0.36696589111604666,-0.9166172451610628,0.14253775496304816,-0.07108188205898573,0.4848566448417387,0.5550405895855266,0.09170514873956734,-0.6008240672679508,0.5587516805033942,-0.5757064847929547,-0.40776581487498476,-1.1705270363234939,-0.10394496740805238,0.5226758738608149,-0.946541401578417,-0.5948234374527412,0.5171745052222333,-0.6743551281174128,0.3852461465390728,0.18593184627203768,0.326938647979998,0.11631269039337078,4
Italy,-0.17856818827373278,-0.9611974383914622,0.24256377680358393,-0.5252547013252821,-0.8893774159983356,-0.23971226782841207,-0.3797822397468038,-0.8623405703792767,0.19092117668496167,-0.24515233303950867,-0.7907947817143928,-0.613385281903805,-0.5388147664034931,-0.8926079089146726,0.48916127581396424,-0.2961677309426259,-0.8408206164812285,-0.23514758646406062,1.3377756833453451,0.8380344970757689,0.5736811137695518,0.2167002435553999,1.6184469114684827,-0.1546453558274481,0.5282981481832576,0.4283540495923796,0.3232177663350854,0.02424227770339314,0.4099498233586373,-0.8292486760528548,0.4388278314975447,-0.4513462200770539,0.1644203151110425,-0.04098386980961819,-0.5015982423810809,-0.5596630616904624,-0.5715618595203219,0.9897060421251266,0.39161903533919834,1.0651093543046573,-0.717887956908502,0.3576678488067171,5
Japan,-0.23578830195703868,-0.8849153400372355,0.26366862301819044,0.39474916165393753,-0.8210366682690073,-0.7437490015035222,-0.4631215091268768,-0.9617008929524342,0.19256233158085304,-0.316685345786445,-0.8703417505316482,-0.5784712443438423,1.1151211139357948,0.74065328792964,0.05708699487273376,-0.4812464513194426,0.8868240569035191,0.22293523326383463,0.03172849756321053,-0.12506310245285895,0.3400134011535601,0.014163245071991855,-0.14489448263223992,-0.2530991664073734,0.513565812267438,0.5038923759201636,0.3987261186018238,-0.35194920262092605,0.5060742138872271,-1.0607207228270124,-0.7629018506910129,-1.6535529996450538,-1.335433051563618,1.7851231505958263,-1.1698145272449663,-0.8579138322795659,-0.44513195456037974,3.143037872826216,0.3830604007394503,0.9775553260154161,-1.173943345531314,3.0451582883822157,1
Kazakhstan,0.04798715349505941,1.9891143964709241,0.3843933003047082,-0.34663877919142216,1.9464936611700843,1.8999562185397405,0.7429314138447568,1.4202452049888508,0.19496007152966657,-2.2393164879014105,1.396110564694522,0.6400226731335741,1.4866030975973432,1.0627273258671326,0.5787635468203249,0.28193573787323767,1.3055389407397484,-0.6484612982509674,-0.47370921979456104,-1.022724499702015,0.2720882628511284,0.5701376346084853,-1.140895021945243,0.1865468296780724,-0.09499298671679483,-0.29210245972185245,0.2930999171871295,-1.586642190428404,-0.42368471816314607,0.14644613745110208,-0.5185232012591282,2.38232167394147,0.2551992740641128,-1.7828957500683504,2.862979428950863,0.9240740784219383,-1.268393451096655,-0.06164027795059858,0.42704076864016494,-0.06578992191427377,0.3227630776037038,-0.652809251386772,6
Kuwait,-0.10857728479923233,1.2969334290141696,0.40753420438658755,0.3380065601436471,1.2279652118982254,-0.15652027166337862,1.2479563987477007,0.35029796577140154,0.18023039190880286,0.5940589634697463,0.19132181269949705,0.989187532398404,0.0,0.2220698813596159,0.6454008626027335,0.4246599894481716,0.0,-0.8444489181417045,-0.17720513829640033,-0.4032076805542604,0.6777581693684311,-0.3544418733729862,-0.4586625430100917,-0.5155331134242818,-0.7262798765797078,-0.5692692259841025,0.2530999049410216,1.6537995131672347,-0.7250139720840761,0.7385514883599191,1.4325911706251506,0.05793458738898679,0.019909640836363797,-0.8061286848741442,-0.34028244068144436,1.24807683805978,-0.7261741150603538,1.0519574521752206,0.31967566085940696,-0.42179778369491006,-0.7952523565485193,0.8139024263100506,6
Latvia,-0.15790418653533028,-0.3124193386237561,0.1514747990843388,-1.1394545283476016,-0.39270013662170894,0.09305199867471463,0.17057083233859857,0.9280638042796429,0.19371896962218424,-1.00929679219896,0.8592990662991123,0.308972179080386,0.15192960219795443,0.06750193618212703,-2.1391473337005955,-1.6339917333261857,0.0875138642773275,0.6613714531799748,-0.12379080008533459,-0.2969422528498714,-0.10557895277874062,0.44933801235483545,-0.35542930189481126,-0.28299089569551045,0.22181519417381745,0.35431017239981105,-0.5156055601405688,1.341504963739543,0.2019098549369325,1.3496091871282374,-0.1501975381761834,1.3384614416620522,0.18619196483400263,-1.4387837742524465,1.0374792784539582,1.1602410910297187,-2.1162137376377266,0.28074645167739265,0.29451585467485564,0.7449333735527187,-1.4833942168867116,-0.3603115258640757,6
Lithuania,-0.15568586617459546,-0.11506671619948887,0.26100838027295126,-1.2891891302576903,-0.22857073688523127,0.20204560532748803,0.1454866410600916,0.9928695884725877,0.19035023313660984,-2.319416179371296,0.8584532791913411,1.076998621987656,3.2191498529419498,-0.5921678136494417,-0.7475302742450135,0.21353057765263941,-1.2767980238131595,3.1235631262944024,0.1232959344964664,-0.19271328266437424,0.3903365828124719,0.026467808071524903,-0.21686740746226757,-0.346519856023687,-0.33064740266941106,0.04643996736550972,-0.13409465767268716,-0.03784153560022151,-0.1403442737105199,1.2930287430155678,-0.2486110562043235,1.2062326123903915,0.210225740756824,-1.194685674477774,0.9707586840967247,0.6930183974056143,-1.652500615590428,-0.4588035425191917,0.33989072484454097,-1.2797136513450453,-2.5157778466503165,-0.02511665144072958,6
Luxembourg,-0.15557823622891265,0.28655667297781734,0.3264077790967031,-0.6547319168160275,0.12224410171015489,0.5901465483662184,0.6810579762238193,0.2088001603449314,0.18166860798056592,-0.8327631919099571,0.10366062723143628,0.39402782059932384,-0.46495522185539384,-0.16323631747120484,0.4901001486894863,0.39616062704699495,-0.044099116721992855,-0.6350987231023087,-0.2913010716179968,-0.1596298038177493,-1.7300766002376595,1.966987356199974,-1.1068924184775415,1.1228872370341685,0.7404689688512556,1.3142487617221161,-1.1533032865559336,-0.7057086097314538,1.515918191618346,0.6539215089744941,4.241142496896773,-0.0036236450602509887,0.2026642628073301,0.10919335426683227,-0.1642554818491545,-0.36597606954655443,-0.4615136547488363,0.9144544054113132,0.38452537576068246,2.079822086702988,-0.08149228840261108,0.3012143622422531,6
Malaysia,-0.026355624878993428,1.0564818967168477,0.3859185202888541,-1.0049447986944122,0.9173346015229236,0.4591131602187773,0.3238328452917083,0.49781971286498794,0.1941260404799559,0.017481879618276405,0.43559013365152727,-0.3205777594870529,0.5435653335334442,0.551565730149798,0.4966876873627286,0.25016055166495144,0.7374215712410933,-0.6730161288764831,-0.5706059784540903,-1.1783269027163283,0.4948816576217103,-1.477623598889326,-1.1591529658701107,-0.11954049432471635,0.5614144246436049,0.7452156020726601,-0.2310370649103413,-0.5884770738545362,0.8022859626583408,-0.6443905545356687,-0.729770464057633,-0.4830419995235172,0.13421659404112482,-0.01975495142390436,-0.5374595576596699,-0.413111699197952,-0.198222642026841,0.6635074666662591,0.29732458951501256,0.05550103025541972,0.12155701053971488,0.2796980072741576,0
Mexico,0.0016672006302812117,0.10073365459174217,0.39022963992556753,0.6030429425676158,0.000830830696495784,-0.9938209466401027,-0.009349850487006442,0.08818368255834641,0.18807531257314045,0.532724932136006,0.03367356076143957,-0.4255321523533579,0.7333708521297462,0.9866112768440987,0.490796202765459,0.6977599190222072,1.2130805468057964,-0.43091053998732476,-0.7227338895495506,-0.7537629401226944,0.5244889437290887,-0.3186054347798592,-0.8119726934705597,-0.36543605102454263,0.6980977634181504,1.0355795792656497,-7.2025674412788945,0.5249825570384006,1.1860336133485396,-0.45665437847401297,-0.8828395674802763,-1.4979811009863169,-0.7026911286972278,-1.0269697124690826,-1.1162328540713742,-0.5167597519490694,-0.21460441236951822,-3.7369107415213114,0.4185090604652976,-0.7317692449591922,-0.4948996214690353,3.1777601330823537,0
Morocco,-0.13098241146925782,1.0782094169060334,0.40633996523856386,-0.4232675061564446,0.9818234122167808,-0.3148943624711214,-0.10572755501058198,1.022928192859023,0.1946622243300046,-0.6362240198799157,0.9709295931151508,0.24127299199703744,-0.07061731206082315,-0.6114898283682092,0.439210352385064,-0.37503377679819944,-0.5420005420161639,-0.24314022582486666,-0.18277670191932313,-0.3495727633642201,-4.149833762376491,-0.4360055540763891,-0.5525853156423305,0.2078024015353267,0.6779509792597651,0.8160369680626399,-2.02025980195997,-1.0952890023189392,0.8463450586585357,0.40290098792363505,-0.9221214900173583,-0.13802249698093283,0.2373293151600219,0.633952072864072,-0.2468229098625892,-0.7591432573678293,0.7379310338147431,0.3759839668614075,0.4095272388609389,-0.4616964752110449,1.760697647587887,-0.3996499115332078,0
Netherlands,-0.1658383143043738,-0.640230292534418,-0.5855503564297364,0.12208502374025307,-0.6279266557198679,-1.1214458863601209,-0.05129034356921685,-0.23635924480030263,0.17414656197371106,-0.017245531439830455,-0.2550068479550423,-0.826930943622459,-0.7902299538667531,-0.5414825206406012,0.599085200043868,0.24151619606055408,-0.4490310312354785,-0.7207234895932383,0.45335051868048853,0.8797757364338534,0.5827795779701839,0.1435832890488611,1.7367958399234962,-0.1751191282644233,0.45728073402494823,0.6265923483910182,0.018782151883938353,0.06430265991412312,0.64942628580429,-0.616128213570576,1.2055103571112713,-0.26933386207013815,0.1977075084013286,-0.08384661590045099,-0.3645175093958413,-0.5865877262555257,0.0026296403557054477,0.722504420491512,0.24419870079419884,-0.29813303400313884,-0.36079575291814076,0.5689314903773351,5
New Zealand,-0.15513819345034652,-0.3299916316646463,0.14298660395456814,-1.2318541894541808,-0.40461160429155746,0.026088075417970917,-0.6888532140184304,-0.8814001761003935,0.19399806223405308,0.6649825044866968,-0.8009802372076177,-0.8045387410984393,-0.38819083546380256,-0.32456130921868154,-0.4440405203008046,-3.370287400153126,-0.4432616736953209,1.2390400027427282,0.13722484355377426,-0.32550611125051626,-0.3554913581906552,0.4115592644048461,-0.3883033270874625,-0.2912501397738608,0.056233811872086766,-0.016720631777767236,0.3865893579051887,0.28401117945655363,-0.10744117409298136,-0.5682358862451746,0.2711745315854057,-0.12051311025580141,0.11097259680374108,-0.07311151370643325,-0.3140700937949142,0.22725044431779484,-0.3520144982593174,-0.13687023971122764,0.434643352883389,-0.07666248779005588,0.20684157689984947,-0.5852126496605488,4
North Macedonia,-0.15835661356830424,-0.5077985094392352,-0.47188209590940694,-0.18374747648272424,-0.5544345443817298,0.17454304866052522,-0.13980026847510627,-0.35897814198828726,-0.22954912711052192,1.1951943105012088,-0.40254007734992864,0.15979056596689523,-0.21531896854437915,0.3212185510741691,-4.951041975221202,-2.915474399478098,0.28606374366349785,1.0968959632771507,-0.07679587213546164,-0.3577832616256673,-3.7956549779198427,1.7461570577544079,-0.528920460184992,0.05212937914307737,0.17679972331992597,-0.045427606796196736,0.158286750963781,0.13130490225489685,-0.17466019087802762,0.37960073270355865,-0.8178432280186975,0.1971817890900631,0.2272331347757525,0.49256589081641927,0.019006038824458702,-0.3975853698224198,1.134266564445263,-0.16532825021311498,0.3476227869098457,0.24065647929841769,0.18468221023887638,-0.4611188166339185,4
Norway,-0.153868538621547,-0.2263964975150361,0.30420825980203714,0.9492707714294116,-0.2962228614912721,-0.66867583089743,-0.866004402744941,-1.0643071246526052,0.1765233553584382,0.7451297676827131,-1.0465852720245676,1.1776603783159425,0.34223052017841804,5.075368747142697,0.33110423897036473,-2.112451660017873,4.3954309536396705,4.492186622044081,-0.7293955417073935,-0.47520778597134744,0.14832366287597365,-0.45894198657729207,-0.5410667441711612,-0.409043626977685,-0.2648555606521831,-0.9719941934528711,0.22752654230055464,0.8322800136036956,-1.134933187617148,1.5035486526645825,3.0287330500875163,-0.13002476713827144,0.16871513872703212,-0.5549037909949106,-0.2891982633644725,-0.227698344402324,-0.004790792556869365,-0.2412254168354539,0.19223626367973945,-0.6812811504739037,-0.13089996155354633,-0.1183582833387577,4
Oman,-0.1268524686647264,1.854226816734415,0.38543265154826334,0.1021658863018002,1.8095716106041106,1.6402769180417178,1.735784401119676,1.8525768266330822,0.1949724983454797,-0.8554562869955602,1.88955406843205,1.1367928579115174,0.0,0.2220698813596159,0.6454008626027335,0.4246599894481716,0.0,-0.8444489181417045,-0.17720513829640033,-0.4032076805542604,0.6777581693684311,-0.3544418733729862,-0.4586625430100917,-0.5155331134242818,0.3585614916488596,0.2680749556702847,0.04023427812461963,-1.4076184012971205,0.18335984710279113,0.15494903761270942,-0.19468042942187427,-0.14685258929670988,0.029288110614558445,-0.8257816617134094,-0.4086531482283029,0.809701246051547,1.4476325461226731,0.12156149683991009,-0.20962871498074678,0.137239172189762,0.8788373934739602,-0.4274960872832142,6
Pakistan,-0.0623364120898157,1.0718753833529076,0.3959608364838655,0.994058296326925,0.958247530976001,0.08678854584446566,-0.14732947255959672,0.6367803474100049,0.19560734237177424,0.5824446766438978,0.5839627812895528,-0.3646486996767588,0.4774520339013565,0.26953890646419354,-2.9879964249402193,0.4624676366727196,0.4095830637060277,-0.24099889146610912,-1.603646546713,-0.5205208777169812,0.34862820264068844,-0.42775930575426224,-0.5883720078073492,-0.4076694032286204,0.6000081080470113,0.6153148017416391,0.10220353110112541,-0.16537428720799358,0.6380741270418065,-0.7142269375299111,-1.0065220393782714,-0.6971518097165108,0.1616787046709591,0.8604469971445498,-0.6563750020602432,-0.8248552655731262,0.35682434186733664,0.1107458190166982,0.07603689982255628,0.28243908385481664,0.6947504992979624,-0.5732387469331099,0
Peru,-0.13698206628783308,1.0146496674372945,0.3672141092495509,2.883728663154671,0.8358723027858059,1.1085031027553487,-0.11184460657360813,0.637543944221734,0.1951480426242781,1.0135400543631807,0.5812397522313506,-0.2949288273435573,2.5190154141951995,1.786375256328431,0.27951697297507655,1.5272928322514887,1.9066600929633575,1.1579757409743983,-1.7566223044467288,-0.5925616884437669,0.3127376670159444,-0.8422599590938579,-0.6686165884749349,-0.3224462901001388,0.4210794812403499,0.20315216329362273,0.3045393811275435,0.39138320534651844,0.13665561210033547,-0.5137205706510055,-0.8622311981466806,-0.14650683068626785,0.25027727020381657,0.7213669101417453,-0.2483379690148625,-0.864061065018236,1.4083303206806983,0.6344699769260636,0.3412847119882078,0.10506181938146088,0.5177686300659735,0.09406821447699565,0
Philippines,-0.1530608329970917,-0.3405075584110534,0.17538332060764397,1.4160250729781547,-0.40510704215766585,-0.25047993131509405,-0.24346220815715022,-0.8370013185436859,0.19028436410769195,1.0338457068290368,-0.7705100845308877,-0.615445512109611,0.0825736884149815,0.6321031655131286,0.06666351422069698,-0.014723133130665134,0.7905794200978626,-0.014226725149598635,0.21328879910150292,-0.3748107953861124,-1.1958108789862438,-0.13818197635510432,-0.43464619214815103,-0.36690431957954733,0.3209751474533716,-0.5019789867914377,0.43710803354788536,0.675433235419204,-0.6108157429468682,-0.42388979630420337,-0.9679355093065085,-0.5293592240685253,0.13730174942223708,0.913810964270273,-0.5614957428453087,-0.49006764914160916,0.4852940293627598,0.01325947220632465,-0.04974301033128316,0.057253189789387385,0.46547383486003496,-0.6463760307404746,4
Poland,-0.13140150684588175,-0.5744925751941258,-0.9311223838716567,0.5331080351975928,-0.5790068894164204,-0.9203111307909738,0.028380007988327165,-0.04309188999227299,0.18712610307439503,0.3025180087223016,-0.08228297350157919,-0.662748093382243,-0.6023609964994293,-0.48989558433692354,0.5826813595732498,0.1975234032780588,-0.39434627737671557,-0.6882227074026234,0.0742419504250784,-0.07556667765280177,0.4671752502341326,-0.08164369872903672,-0.06363664332714601,-0.32278854814136304,-0.03222316232332438,-0.45890646944735386,0.4474551070880437,-0.7663260452102599,-0.5662678803347236,-0.5126025104665403,-0.4070237596620058,0.35132057914879405,0.18792273963606804,-1.232969134366552,0.1018774311700114,0.12031157946037625,0.9801919280952973,0.12421617931231209,0.1940571748406362,0.20093947366558768,0.664742348276175,-0.5839743663785103,4
Portugal,-0.1700797056943548,-0.9350212558789032,0.18095588728386747,0.8481703108628634,-0.8795417485223425,0.10889568406935501,-0.3188776882552749,-0.5715677672348722,0.18348696864841008,0.5988214926633795,-0.5451983873131089,-0.9183164033512647,-1.4487508443437167,-1.4830276556748683,0.1706750451397661,-0.0644210153007645,-1.8489960588233936,1.9874866550803656,0.8257974347780538,-0.046381294997880525,0.1644611428986204,-0.15144768058768585,-0.1181560808053767,-0.0038672440471208486,0.5069551487154677,0.5793103477792498,-0.012556341304225527,0.5930267210626433,0.5852916415356836,-0.4553995985974617,-0.06484760190843553,-0.2763166032831098,0.20208133090439506,0.08657379669139294,-0.3667454483597806,-0.6240096621449062,-0.17157923318488114,-1.4118249904223208,0.4670354004752133,-1.8174273690845637,-0.32247678143163044,0.3838642463965522,5
Qatar,-0.11050033462896183,2.1492660581686125,0.4124092754006076,1.1767769457064379,2.3018455646082527,0.3296523415178704,-0.7419268269840541,-0.9023008569099776,0.16350683571663527,0.5396061991913483,-0.9541418335001862,1.5412846631358494,0.0,0.2220698813596159,0.6454008626027335,0.4246599894481716,0.0,-0.8444489181417045,-0.17793186398634683,2.029544505457522,0.14541198876229275,-5.753804238864675,-0.4586625430100917,3.102334074773837,-2.486038514114187,-2.8856783194758564,0.4435291203138456,0.3047642921632806,-2.4176643051064937,1.1635636762447734,2.301377808061511,-0.1479471807177437,0.06081840856996509,-0.7525941171665624,-0.39562951912371797,0.569096012298906,0.0,0.5441579093718079,0.41742894769689143,-0.09442338067374588,1.9497647063773718e-16,-0.23743111529235358,6
Romania,-0.16483155335804003,-0.9332367087129533,0.10849368824574676,-2.0616211257481,-0.9005264653547996,0.6525982016681553,-0.09615943506628533,-0.30000024947690773,0.08034264287300645,-1.0553396297385087,-0.349819236488397,0.06645108865602727,-1.710344237336145,-1.5875582363970406,0.4871384907541816,-0.3027925174705689,-1.5996222523581956,0.15752923459294027,1.3507356248160554,0.04277368685618194,0.36341552071552574,1.0569172713936097,0.04652492887892212,-0.1238988045388423,-0.9854178878169392,-2.0150822453019797,0.5072647721835775,-0.23120502809475596,-1.8487913692715887,-0.17145868607193984,-0.42218430956861713,2.103482132434081,0.23759371389338343,-1.1996356623890427,2.288428486817398,1.0366436648290478,0.24343003803936775,0.29153192328341265,0.2694051080634646,-0.3866563052751276,-1.299067057965674,-0.30936752149043056,2
Saudi Arabia,0.12054117041994271,1.469043742491666,0.42405627441057975,1.251477515507429,1.4578577442620007,-0.7976568478565996,0.9393198706487946,0.6704810226353337,0.19765804126141784,0.10107321560719187,0.6311376918132506,-0.646388041279391,0.0,0.2220698813596159,0.6454008626027335,0.4246599894481716,0.0,-0.8444489181417045,-0.17720513829640033,-0.4032076805542604,0.6777581693684311,-0.3544418733729862,-0.4586625430100917,-0.5155331134242818,-0.23658710412994605,0.029109093721951744,0.25728109494293877,-0.4118431073430273,-0.07231741147039786,-0.12452588065229611,-0.28066443145127334,-0.46734902592118527,0.0394806528200405,-0.2728694680830085,-0.576756845470639,0.18618259650681082,0.2782415589444877,-0.4094489226836961,0.34673648205903823,0.10411621360939406,-0.012361314637250468,-0.11344482760979895,0
Slovakia,0.0,-0.6062136365819562,0.4476558972948523,0.9140754115187804,0.0,-1.9443820907786613,-0.5182729145997016,-0.9334493828028688,0.1854776076674351,-0.8893396133784797,-0.8680585941127118,-0.04999977580318977,0.4837571169725597,0.38370615158016164,-0.6674454177598093,0.8831243757036348,0.5247510432839216,-0.10202607931788597,0.8560776718591591,1.14599115192135,0.4652743027791903,-1.9275012663452098,1.950600103104423,0.4040558293549318,-0.9041382054779545,-1.0345444352343236,0.3908324739080563,-0.6307078133652995,-1.1224495946651205,0.31572834190417576,-1.417838484790765e-16,-1.809674366913606,0.41365262489200383,0.7114296309841126,-2.400147744263049e-16,-2.101906501479084,0.0,0.045423722501924765,0.6155296729842986,0.1256959622636028,1.9497647063773718e-16,-0.7594305946512573,1
Slovenia,-0.1567316854593235,-0.2966141901735424,0.17634510070021864,-1.269834838489064,-0.3774604952371317,0.022372114231773158,0.04865826538547448,-0.035706753511349304,0.1736067376990878,-0.9353825068234433,-0.10684708396541084,0.04629187452000335,-0.0011037712010677084,-0.6957726888975153,0.25012526610987396,-0.9850052965176515,-0.6974381303829085,0.424839008368074,0.060191920419446536,-0.263976095699714,-0.07664367772719402,0.01779329813949484,-0.33017974614525747,-0.22210515436056652,0.36391298119093085,0.576678583669012,-0.32436210525492903,-0.31533420822251673,0.560281693557073,0.061954315324717804,0.1863833374980224,0.1761086776208039,0.20764562363701144,-0.1662900964757593,-0.016201345413212085,-0.2382852808501212,-0.35680432570897247,-0.19426106458196102,0.33612402003015635,-0.44588843824863733,-1.171314302502796,-0.4056039516300338,4
South Africa,0.052477132997074495,0.9144977706972491,0.3866780455847089,-1.4628669414956348,0.7768463491112149,0.22682524625600153,0.047391009760603904,0.19371822586037982,0.1854785541612849,0.45024178036900175,0.11270618006012346,0.02378248612298592,0.5086847132575296,0.45690528918558915,0.4517952424157175,0.2756366892960103,0.6332881392873695,-0.685382815995696,-1.4108219969805376,-0.8745157160018154,0.4747449221096199,-0.4148760551153202,-0.9243622829942673,-0.24823867448377385,-0.2673109499714866,-0.02994449137139107,0.16403706683980107,0.47141633866348526,-0.15800789368128534,0.3291332418698645,-0.7436314803887578,-0.14892908541850938,-0.016387316439764155,1.720551363186196,-0.4256935696022897,1.1516301117089842,0.15870198570719746,-0.07197513088291567,0.3132317722060543,-0.08674265085014786,-0.01246424081525268,-0.5719251528315354,0
Spain,-0.11685338064883324,-0.6222008948628946,-6.14927399072545,-0.6602819383939798,-0.6603127872419478,0.5251195954018093,-0.23370892659443132,-0.5563866143374719,0.15767580132859654,-0.8565897316447946,-0.5509197975327184,-0.30952921820385065,-0.14197734153427763,-1.0187099039083796,0.3174435321210022,0.12547752196810869,-1.0582915311998533,0.5792023858873335,0.44172290764134514,0.2872561602922329,0.3697970867048885,0.2889780231699831,0.3361791829173204,0.07848192672481832,0.3920555203121757,0.16990999008827518,0.4013438425992626,-0.5565122776994329,0.10573215733291803,-0.7837600901921251,0.4549841140237065,-0.07895257138470539,0.20291218534812464,-0.22681428849034438,-0.22129876928184075,-0.4403350583451658,-0.6037288817611653,-0.49537749232812156,0.4222412316743974,-0.8170193497573919,-0.253351801080935,-0.20715175064705377,5
Sri Lanka,-0.15589445876184976,-0.027289735117031873,0.23033926168629032,0.4718937909312947,-0.18885219250066446,1.0013755931960613,-0.17860059133435888,0.14238913955683652,0.17881941243352828,1.0799477974983875,0.03981494081609683,0.40783287247266836,0.0,0.2220698813596159,0.6454008626027335,0.4246599894481716,0.0,-0.8444489181417045,-0.46450402772190347,-0.41301744506772015,-2.9771400363945397,-0.08776912134904111,-0.4731828045708643,-0.41537177244201245,0.6104592523291732,0.28399728100955074,-0.08776934066818937,-0.30335001453361105,0.18591329200926227,0.47359115010975983,-0.9476678751867483,0.12806934879029155,0.23831950930384785,1.1781250844054445,-0.030636680582809994,-0.5541445836391702,1.1483515029341966,-0.3598154622931947,0.4298697478188065,0.2866658449224892,0.6433822805821087,-0.3619238781449228,0
Sweden,-0.1780652750769584,-1.4729702600060026,0.38086134302386876,0.16701193009536147,-1.2333457636697271,-0.588816025196767,-0.7419028604000518,-0.9304827241267636,0.18071380940339546,-1.3248471316853352,-0.8846079323486251,0.324399227887583,-0.379701491471532,-0.1561393194555583,-1.743273118617792,2.2508769255099774,-0.5547972258133129,2.3162487371996656,1.5623339215388055,-0.21023641632466028,0.2788521492511494,0.27579738827377787,-0.24666077766435288,-0.3004907104717714,-0.07006134132079145,-0.20613676176663398,0.18664891885250096,-1.54904294720688,-0.35448287278375873,0.5338475664389132,0.8697227770356867,-0.7195850155669549,-0.004350321070675981,0.14095400894038593,-0.7221683696578528,-0.026107278954425352,-0.4743218300001832,0.7626793348394368,0.366730178878182,1.8873439479621916,-0.38585710978289117,0.1834100825725328,1
Switzerland,-0.15945577383608647,-0.5950913117044148,-4.1066452585900315,0.09498070290758996,-0.5984602903621069,-0.758297421155021,-0.6511625252197323,-0.7584260064665801,0.1801594875889644,-0.32546851913978464,-0.7215951576668936,-0.20434907592704069,0.8782076175362562,0.9869709626893426,0.03648100322504482,0.17616147245378155,1.078012471471332,0.785063401339791,0.16411369408179421,-0.2774667532515029,0.3076653601298487,-0.3948476473662024,-0.31840935507963675,-0.38553162284114023,0.23616977788666665,-0.29830436424825113,0.34423850602167916,-0.7884088371952112,-0.418885439452662,-0.10212668367258063,1.5556047414464351,-0.47924824399710947,0.23248852197557374,0.3481883567652531,-0.4976640535308681,-1.0038952208062966,0.36740297381314174,-4.892338090334457,0.3623953089228014,-0.09168132340710138,-0.12001800029675662,5.84440270215358,4
Thailand,-0.047501575776256626,0.6397045381188787,0.39595786367800617,-0.2138089834375047,0.5125013107559285,-0.4362272025572313,0.1241711031780656,1.1788214570967273,0.19868710523298724,0.29797992172830146,1.196116261020625,-0.49500071024391373,0.024364260775719005,0.061785528243525144,0.383619562658048,0.38359369830296525,0.20107922878096127,-0.6976481114739169,0.28244886059474555,-0.3360120318480699,-0.1970653070334743,0.15918227278818733,-0.3923200074706032,-0.3513142688428222,0.7370062403240323,1.259187362193833,-0.17033516773488197,0.19101311211890803,1.5123359214651826,-0.6999518087152968,-0.8527136542013884,-0.17890275003890282,0.22005422611169378,0.8406793019561326,-0.2883814061409411,-0.663641927989711,-0.3194099299585936,-0.08750807183609902,0.33698393850381264,-0.09588606780297167,0.132421158505319,-0.5637984277758065,0
Trinidad and Tobago,-0.1411558217943818,2.1733162962341,0.39345861453197156,-1.5864902024016032,2.236700960779307,1.5828268737410989,5.367934858647291,2.2939949986283588,0.19809231426137153,-0.4581656660921154,2.582627258860853,0.42059531000984535,0.0,0.2220698813596159,0.6454008626027335,0.4246599894481716,0.0,-0.8444489181417045,-0.2449117484097466,-0.916684816125809,0.449583068907038,0.33719269559083576,-0.9678475532723951,-0.1882300638703562,1.4520282018452366,1.6182233929683676,0.11542072689221626,-0.2874018523118398,2.0413246525391675,-0.28489723884799634,-0.14217698983415863,0.21776291081935883,0.0897248120649791,-1.9734217300026249,-0.15573040170248298,0.8899415544796685,-1.0191304661117602,-0.07893716722211191,0.11285185471012181,-0.2329164201238078,-0.1977873616934857,-0.42914591445722433,6
Turkey,0.0,-0.6062136365819562,0.4476558972948523,0.9140754115187804,0.0,-1.9443820907786613,0.10983618499226842,0.6355222225531663,0.1908710904478887,1.8712708394744852,0.5355760913837255,0.3431778842672707,1.0590509109099462,0.852269577184682,0.1811061049488934,-0.4268227513215099,1.0154512763308512,0.1792319109489231,-1.5014204663271973,-0.730800074469195,0.40070489170515283,-0.3592864179186508,-0.8043363717107519,-0.26198647603056996,0.6051707214875968,0.8836091457543636,-2.1842339875977235,1.2827447668647827,0.9690275693899393,-0.21080238216381075,-0.5145497830877349,0.1035001040252757,0.0352032586333607,1.4437178798962564,-0.2880379086446746,1.1965155828618932,-0.23998201948003425,-0.9681150228065293,0.47798219231954536,-0.8353008975426409,-0.2384675502801686,-0.022871057661903657,0
Turkmenistan,-0.12434078702167196,0.7706785063486181,0.35872299609175357,-0.8409903870383222,0.5823619585341342,0.9227306368009792,0.43357237891685546,3.2324007035265785,0.18799693322132402,4.9387554264611335,2.4723860844655756,6.436742508673147,0.0,0.2220698813596159,0.6454008626027335,0.4246599894481716,0.0,-0.8444489181417045,-0.18120212959110593,-0.499932789346343,-0.8279265392693435,0.3997547745052177,-0.6179138219398655,-0.10868301470433488,-4.11364683930976,-1.1153998653218975,-0.20525179594211596,5.845625051695718,-1.5978441982102576,5.254712933026834,-0.8016249604862171,2.4590067823474686,0.28565829188279596,-0.44941142043520954,3.2392404775400205,0.38711301754346533,2.515925973777689,1.1107073545972976,0.3921926986537888,0.05406371327790283,1.0039155221633127,0.4975852260758415,3
Ukraine,-0.203021135754494,-1.198346186377561,0.24107340993094875,-1.4150785914611395,-1.0983232499481825,0.9197628815509622,-0.22426597512799243,-0.8403217369168464,0.17923703765958515,-1.079674233178064,-0.806467226102265,0.13023307237581805,-0.9795625912327074,-0.9765468358455148,0.5503736903463416,-0.21637703295400673,-0.9183701133948501,-0.44595678518187126,0.24623369704574405,0.9109109385266556,0.47575195276693594,0.19585549252591025,1.5020392031732843,0.22605016538951594,-2.9421113404996384,-1.674762272464445,0.4755135881287708,1.3950954885833977,-1.6150932268209,0.008034021370789828,-0.8279308614409058,1.6783834693974582,0.18368221472038787,-3.227773438260422,1.3251791797011425,1.5523538556299656,-2.3152843306833213,-0.521533482207033,0.32620769085381995,-1.4301842518794001,-1.5212055211990392,0.10722505942972119,2
United Arab Emirates,-0.037064318559726,2.079650929454499,0.40799926861198504,-0.9591212395302584,2.1926301648984015,0.549536219647326,-3.1598300432792965,-1.8874892721733294,0.19501890688156245,-0.553727213744352,-1.5611338157096757,0.27781757534321555,0.0,0.2220698813596159,0.6454008626027335,0.4246599894481716,0.0,-0.8444489181417045,-0.16533528536060796,0.17769833167455465,0.22070432258568357,0.9654022604138711,0.07881052337789517,0.2261765183610941,-0.8877689433492647,-1.0911965636230943,0.4410663779760248,0.5170933591537346,-1.1555731687197284,-0.03964706360923982,-0.43439884037007975,-1.7601769462188017,-8.044727944579098,-0.7876333899141084,-1.2480876202067646,-0.19462232792926304,-1.0400913581733642,0.027128652506388296,-4.140519091127296,-0.20886963955254184,-0.09264984056995386,-0.2997084355783875,4
United Kingdom,-0.23529581484807835,-1.11334773779416,0.32555235637795693,-0.7053287039863141,-0.9918833393472,-0.494496669275347,-0.5930436216022502,-1.053707216911767,0.19577474467426167,-0.1738569996625303,-0.9364733863616649,-0.7551851732745415,0.5711500719698572,-0.0903856397766306,0.11173938280739713,-0.4672069500183198,0.01876608970412567,-0.26107262932394504,0.32883818380299307,1.4677345687293915,0.5367220996798695,1.3669139839090663,3.1543508477091535,0.22160894633387693,0.3513841997924345,0.13519774004892526,0.43491500437774117,0.09285735515057482,0.06799287636663452,-0.8666334624212394,0.35715991665584096,-1.0340390656748326,-0.1128888636314198,-0.42026381285251085,-0.8949120989936453,-0.2413875345952385,-0.5272543805003279,1.3787508795613843,0.36063241119456757,3.3664335607491154,-0.554660699490196,1.036199004008998,1
United States,-0.7490687803006126,-1.057627938499906,0.34001590391028413,0.01647280558952683,-0.9459078241485106,-0.8066719465349168,-0.8393649734307452,-1.0359809595191072,0.19569303228478158,0.317494429176368,-0.9226364841704537,-0.7657832881008169,-0.5149455233483223,-0.5629989351163381,0.5396570736647602,-0.12219478345642898,-0.4756378415221967,-0.5540100164465642,0.3477330517416013,0.02232615083810895,0.42154280574116687,0.7601097321235166,0.04812605734101187,-0.21095409991878122,0.2799890334311563,0.24386223395291023,0.45895583755431724,0.11787262169551806,0.194842576265665,-1.014565927976143,-0.103285957590342,-1.2664797188486943,0.22522733272775242,0.38100160630436564,-0.9657481597432745,-1.635635220585195,-0.281564990740044,1.5056838372387724,0.37145959302056086,3.5877586289202497,-0.18286260855774558,1.1236097583357114,1
Uzbekistan,-0.1661002517108807,-0.8021541323588991,-0.038903646247115585,-0.5622228792065996,-0.7876207899168104,0.28787067224944574,-0.6331921763116031,-1.5017321380995978,0.19400438429066835,0.4366789794483371,-1.2894189791042665,0.0006853908817357031,0.2071215972246086,0.06177453375707244,0.09045011542403582,0.05573759819517879,0.1970545328399942,-0.5332242225985147,-0.13880979767756166,1.0084482980610219,0.3117889221487309,2.1752593830518223,0.5963771798996603,0.9276920318321373,-2.051308687196525,-1.159536787179193,0.40327374248161296,-0.573264187421213,-1.2268415678138243,0.3226191011455424,-0.9907931339915277,0.09018316040214698,0.07765855957616234,2.7757831112234452,-0.22501211834223722,0.8061076182236142,1.8534769494362164,0.13089745104640005,0.42509590008991993,0.08904097974304605,1.6789286050236596,-0.673431966627887,1
