country,year,Access to electricity (% of population),Access to clean fuels for cooking,Renewable-electricity-generating-capacity-per-capita,Renewable energy share in the total final energy consumption (%),Electricity from fossil fuels (TWh),Electricity from nuclear (TWh),Electricity from renewables (TWh),Low-carbon electricity (% electricity),Primary energy consumption per capita (kWh/person),Energy intensity level of primary energy (MJ/$2017 PPP GDP),Value_co2_emissions_kt_by_country,Renewables (% equivalent primary energy),gdp_growth,gdp_per_capita,Density_(P/Km2),Land Area(Km2),Latitude,Longitude,iso_code,population,gdp,biofuel_cons_change_pct,biofuel_cons_change_twh,biofuel_cons_per_capita,biofuel_consumption,biofuel_elec_per_capita,biofuel_electricity,biofuel_share_elec,biofuel_share_energy,carbon_intensity_elec,coal_cons_change_pct,coal_cons_change_twh,coal_cons_per_capita,coal_consumption,coal_elec_per_capita,coal_electricity,coal_prod_change_pct,coal_prod_change_twh,coal_prod_per_capita,coal_production,coal_share_elec,coal_share_energy,electricity_demand,electricity_demand_per_capita,electricity_generation,electricity_share_energy,energy_cons_change_pct,energy_cons_change_twh,energy_per_capita,energy_per_gdp,fossil_cons_change_pct,fossil_cons_change_twh,fossil_elec_per_capita,fossil_electricity,fossil_energy_per_capita,fossil_fuel_consumption,fossil_share_elec,fossil_share_energy,gas_cons_change_pct,gas_cons_change_twh,gas_consumption,gas_elec_per_capita,gas_electricity,gas_energy_per_capita,gas_prod_change_pct,gas_prod_change_twh,gas_prod_per_capita,gas_production,gas_share_elec,gas_share_energy,greenhouse_gas_emissions,hydro_cons_change_pct,hydro_cons_change_twh,hydro_consumption,hydro_elec_per_capita,hydro_electricity,hydro_energy_per_capita,hydro_share_elec,hydro_share_energy,low_carbon_cons_change_pct,low_carbon_cons_change_twh,low_carbon_consumption,low_carbon_elec_per_capita,low_carbon_electricity,low_carbon_energy_per_capita,low_carbon_share_elec,low_carbon_share_energy,net_elec_imports,net_elec_imports_share_demand,nuclear_cons_change_pct,nuclear_cons_change_twh,nuclear_consumption,nuclear_elec_per_capita,nuclear_electricity,nuclear_energy_per_capita,nuclear_share_elec,nuclear_share_energy,oil_cons_change_pct,oil_cons_change_twh,oil_consumption,oil_elec_per_capita,oil_electricity,oil_energy_per_capita,oil_prod_change_pct,oil_prod_change_twh,oil_prod_per_capita,oil_production,oil_share_elec,oil_share_energy,other_renewable_consumption,other_renewable_electricity,other_renewable_exc_biofuel_electricity,other_renewables_cons_change_pct,other_renewables_cons_change_twh,other_renewables_elec_per_capita,other_renewables_elec_per_capita_exc_biofuel,other_renewables_energy_per_capita,other_renewables_share_elec,other_renewables_share_elec_exc_biofuel,other_renewables_share_energy,per_capita_electricity,primary_energy_consumption,renewables_cons_change_pct,renewables_cons_change_twh,renewables_consumption,renewables_elec_per_capita,renewables_electricity,renewables_energy_per_capita,renewables_share_elec,renewables_share_energy,solar_cons_change_pct,solar_cons_change_twh,solar_consumption,solar_elec_per_capita,solar_electricity,solar_energy_per_capita,solar_share_elec,solar_share_energy,wind_cons_change_pct,wind_cons_change_twh,wind_consumption,wind_elec_per_capita,wind_electricity,wind_energy_per_capita,wind_share_elec,wind_share_energy;;;;;;;;;;;;,cluster
China,2000.0,97.0218,42.0,58.78,29.63,1113.3,16.74,225.56,17.874004,9334.936,10.85,3346530.0,5.656925,8.490093406,959.3724836,153.0,9596960.0,35.86166,104.195397,CHN,1264099072.0,5952682590208.0,,,0.0,0.0,2.009,2.54,0.187,0.0,783.314,1.388,112.374,6495.856,8211.406,838.748,1060.26,3.713,294.467,6507.489,8226.111,78.213,69.587,1346.85,1065.462,1355.6,11.967,3.638,414.216,9334.936,1.982,3.091,332.351,880.706,1113.3,8769.296,11085.259,82.126,93.941,13.999,30.327,246.957,4.565,5.77,195.362,7.945,20.177,216.866,274.14,0.426,2.093,1061.86,13.14,76.379,657.664,175.943,222.41,520.263,16.407,5.573,12.938,81.865,715.025,191.678,242.3,565.64,17.874,6.059,-8.75,-0.65,11.961,5.073,47.491,13.243,16.74,37.569,1.235,0.402,7.781,189.651,2626.896,37.394,47.27,2078.077,1.498,27.912,1496.141,1891.271,3.487,22.261,8.06,2.537,,0.675,0.054,2.007,,6.376,0.187,,0.068,1072.384,11800.283,13.011,76.792,667.533,178.435,225.56,528.07,16.639,5.657,29.412,0.015,0.065,0.016,0.02,0.051,0.001,0.001,24.52,0.343,1.744,0.467,0.59,1.38,0.044,0.015;;;;;;;;;;;;,large_scale
China,2001.0,97.27279,42.3,61.01,28.36,1182.59,17.47,280.73,20.1379,9797.812,10.36,3529080.0,6.618624,8.335733478,1053.108243,153.0,9596960.0,35.86166,104.195397,CHN,1272739584.0,6329737412608.0,,0.0,0.0,0.0,2.004,2.55,0.172,0.0,762.735,5.168,424.348,6785.169,8635.754,887.173,1129.14,5.946,489.118,6847.614,8715.229,76.253,69.252,1472.19,1156.709,1480.79,12.45,5.676,669.779,9797.812,1.97,4.603,510.202,929.169,1182.59,9110.631,11595.461,79.862,92.986,11.945,29.5,276.458,3.874,4.93,217.215,11.504,31.536,240.171,305.676,0.333,2.217,1129.45,24.738,157.367,815.031,217.979,277.43,640.375,18.735,6.536,23.075,159.577,874.602,234.298,298.2,687.18,20.138,7.014,-8.6,-0.584,4.391,1.764,49.255,13.726,17.47,38.7,1.18,0.395,2.145,56.353,2683.249,38.122,48.52,2108.247,1.359,25.702,1506.178,1916.973,3.277,21.518,8.112,2.554,,0.67,0.052,2.007,,6.374,0.172,,0.065,1163.467,12470.062,24.462,157.813,825.347,220.571,280.73,648.48,18.958,6.619,40.909,0.026,0.091,0.024,0.03,0.072,0.002,0.001,21.918,0.369,2.113,0.566,0.72,1.66,0.049,0.017;;;;;;;;;;;;,large_scale
China,2002.0,97.516205,43.1,63.68,27.0,1337.46,25.13,291.41,19.137848,10602.087,10.12,3810060.059,6.2804885,9.13363079,1148.50829,153.0,9596960.0,35.86166,104.195397,CHN,1280926080.0,6814493573120.0,,1.715,1.339,1.715,1.991,2.55,0.154,0.013,773.163,9.631,831.703,7391.104,9467.457,1001.283,1282.57,6.794,592.092,7266.088,9307.321,77.543,69.714,1645.61,1284.703,1654.01,12.747,8.905,1110.428,10602.087,1.993,9.156,1061.729,1044.143,1337.47,9881.281,12657.19,80.862,93.201,6.394,17.678,294.136,3.271,4.19,229.627,7.689,23.503,256.985,329.179,0.253,2.166,1278.82,3.799,25.506,840.537,224.814,287.97,656.195,17.41,6.189,6.719,48.698,923.299,247.118,316.54,720.806,19.138,6.799,-8.4,-0.51,43.813,21.123,70.378,19.619,25.13,54.943,1.519,0.518,7.914,212.349,2895.598,39.589,50.71,2260.55,1.235,23.679,1515.038,1940.652,3.066,21.322,8.085,2.546,,-0.313,-0.028,1.988,,6.312,0.154,,0.06,1291.261,13580.49,4.411,27.574,852.921,227.499,291.41,665.863,17.618,6.28,54.839,0.049,0.14,0.039,0.05,0.109,0.003,0.001,16.433,0.331,2.444,0.656,0.84,1.908,0.051,0.018;;;;;;;;;;;;,large_scale
China,2003.0,97.75438,43.4,70.24,23.86,1579.96,43.34,287.28,17.304693,12273.32,10.48,4415910.156,5.3011093,10.03803048,1288.643252,153.0,9596960.0,35.86166,104.195397,CHN,1288873344.0,7248623435776.0,176.0,3.019,3.673,4.735,1.971,2.54,0.133,0.03,790.786,19.177,1815.602,8754.203,11283.059,1179.301,1519.97,18.125,1686.98,8530.165,10994.302,79.555,71.327,1903.22,1476.654,1910.58,12.574,16.481,2238.266,12273.32,2.182,17.4,2202.377,1225.846,1579.96,11529.113,14859.567,82.695,93.936,16.187,47.612,341.747,4.003,5.16,265.152,7.207,23.725,273.808,352.904,0.27,2.16,1510.86,-1.49,-17.83,822.707,220.099,283.68,638.315,14.848,5.201,5.376,35.889,959.188,256.519,330.62,744.207,17.305,6.064,-7.36,-0.387,72.492,50.24,120.618,33.626,43.34,93.584,2.268,0.763,11.713,339.164,3234.762,42.541,54.83,2509.76,1.629,31.622,1530.231,1972.274,2.87,20.449,8.051,2.536,,-0.393,-0.034,1.968,,6.246,0.133,,0.051,1482.364,15818.756,-0.377,-14.352,838.57,222.892,287.28,650.622,15.036,5.301,33.333,0.046,0.186,0.047,0.06,0.144,0.003,0.001,19.059,0.447,2.891,0.776,1.0,2.243,0.052,0.018;;;;;;;;;;;;,large_scale
China,2004.0,97.98967,44.9,77.85,20.17,1795.41,50.47,357.43,18.513056,14272.745,10.83,5124819.824,5.60094,10.11362138,1508.668098,153.0,9596960.0,35.86166,104.195397,CHN,1296816768.0,7830953263104.0,26.103,1.236,4.604,5.97,1.951,2.53,0.115,0.032,778.356,16.593,1872.222,10144.286,13155.28,1328.191,1722.42,17.095,1879.428,9927.177,12873.729,78.174,71.075,2197.23,1694.326,2203.31,12.415,17.008,2690.379,14272.745,2.364,16.645,2473.325,1384.475,1795.41,13365.722,17332.893,81.487,93.645,16.999,58.092,399.84,5.753,7.46,308.324,18.406,64.957,322.221,417.861,0.339,2.16,1714.96,24.628,196.083,1018.791,272.621,353.54,785.609,16.046,5.504,23.412,217.056,1176.244,314.539,407.9,907.024,18.513,6.355,-6.08,-0.277,16.444,18.939,139.558,38.918,50.47,107.616,2.291,0.754,16.787,543.01,3777.772,50.531,65.53,2913.112,2.633,51.939,1560.909,2024.213,2.974,20.41,8.023,2.528,,-0.315,-0.027,1.949,,6.187,0.115,,0.043,1699.014,18509.135,24.446,198.116,1036.686,275.621,357.43,799.408,16.222,5.601,18.75,0.033,0.219,0.062,0.08,0.169,0.004,0.001,28.166,0.791,3.682,0.987,1.28,2.839,0.058,0.02;;;;;;;;;;;;,large_scale
China,2005.0,98.22443,46.3,86.43,17.44,2042.8,53.09,404.37,18.296497,16114.158,10.72,5824629.883,5.554481,11.39459181,1753.417829,153.0,9596960.0,35.86166,104.195397,CHN,1304887552.0,8602939555840.0,40.28,2.405,6.418,8.375,4.077,5.32,0.213,0.04,781.931,17.102,2249.825,11805.695,15405.105,1517.487,1980.15,12.174,1567.26,11066.846,14440.989,79.198,73.263,2494.08,1911.337,2500.26,12.39,13.604,2518.029,16114.158,2.444,13.734,2380.451,1565.499,2042.8,15107.312,19713.344,81.703,93.752,17.485,69.911,469.751,9.303,12.14,359.994,18.958,79.218,380.937,497.08,0.486,2.234,1955.03,12.296,118.033,1136.824,304.256,397.02,871.204,15.879,5.406,12.557,137.577,1313.821,350.574,457.46,1006.846,18.296,6.248,-6.18,-0.248,5.189,6.313,145.871,40.685,53.09,111.788,2.123,0.694,1.607,60.715,3838.487,38.708,50.51,2941.623,4.195,84.921,1616.334,2109.134,2.02,18.255,16.938,5.322,,110.522,8.914,4.079,,12.98,0.213,,0.081,1916.073,21027.164,13.58,131.264,1167.95,309.889,404.37,895.058,16.173,5.554,10.526,0.022,0.241,0.061,0.08,0.184,0.003,0.001,52.3,1.89,5.572,1.494,1.95,4.27,0.078,0.027;;;;;;;;;;;;,large_scale
China,2006.0,98.46105,47.7,96.27,16.39,2364.16,54.84,446.72,17.50206,17552.816,10.41,6437470.215,5.5779824,12.72095567,2099.229435,153.0,9596960.0,35.86166,104.195397,CHN,1313086592.0,9489543593984.0,44.09,3.693,9.191,12.068,5.43,7.13,0.249,0.052,786.511,9.823,1513.275,12884.437,16918.381,1753.441,2302.42,6.984,1008.565,11765.831,15449.555,80.344,73.404,2858.84,2177.191,2865.72,12.951,9.612,2021.168,17552.789,2.429,9.636,1899.645,1800.46,2364.16,16459.682,21612.988,82.498,93.772,23.009,108.086,577.838,18.14,23.82,440.06,18.721,93.056,449.427,590.136,0.831,2.507,2253.92,9.765,103.164,1239.988,331.882,435.79,944.33,15.207,5.38,10.262,121.524,1435.345,381.97,501.56,1093.107,17.502,6.228,-6.88,-0.241,3.306,3.874,149.745,41.764,54.84,114.041,1.914,0.65,7.25,278.282,4116.769,28.879,37.92,3135.185,1.882,39.691,1636.469,2148.825,1.323,17.861,22.712,7.133,,34.029,5.774,5.432,,17.297,0.249,,0.099,2182.43,23048.332,11.157,117.65,1285.599,340.206,446.72,979.067,15.588,5.578,13.095,0.03,0.27,0.069,0.09,0.206,0.003,0.001,90.735,4.989,10.562,2.825,3.71,8.043,0.129,0.046;;;;;;;;;;;;,large_scale
China,2007.0,98.7022,49.4,109.0,14.88,2718.7,62.13,500.71,17.151705,18955.008,9.81,6993180.176,5.718535,14.23086093,2693.970063,153.0,9596960.0,35.86166,104.195397,CHN,1321513216.0,10358205972480.0,10.591,1.278,10.099,13.346,7.461,9.86,0.3,0.053,785.125,8.899,1505.531,13941.527,18423.912,2010.347,2656.7,8.345,1289.311,12666.438,16738.865,80.959,73.55,3271.23,2475.367,3281.54,13.659,8.683,2001.244,18955.223,2.418,8.492,1835.271,2057.263,2718.7,17743.492,23448.26,82.848,93.607,23.007,132.941,710.779,25.66,33.91,537.852,18.252,107.711,528.066,697.847,1.033,2.837,2576.42,11.354,132.155,1372.143,367.2,485.26,1038.312,14.788,5.478,12.18,165.971,1601.316,425.906,562.84,1211.729,17.152,6.393,-10.31,-0.315,13.287,18.836,168.582,47.014,62.13,127.567,1.893,0.673,4.78,196.798,4313.567,21.256,28.09,3264.112,0.84,18.056,1639.697,2166.881,0.856,17.22,31.429,9.863,,38.273,8.717,7.463,,23.783,0.301,,0.125,2483.168,25049.576,12.047,147.134,1432.734,378.891,500.71,1084.161,15.258,5.72,20.0,0.052,0.322,0.083,0.11,0.244,0.003,0.001,47.617,4.932,15.493,4.147,5.48,11.724,0.167,0.062;;;;;;;;;;;;,large_scale
China,2008.0,98.95058,51.1,128.8,14.14,2762.29,68.39,665.08,20.981703,19560.7,9.18,7199600.098,7.268667,9.65067892,3468.304602,153.0,9596960.0,35.86166,104.195397,CHN,1330167168.0,10799147909120.0,36.213,4.833,13.667,18.179,11.179,14.87,0.425,0.07,746.948,1.585,292.008,14070.352,18715.92,2036.518,2708.91,3.647,610.416,13042.933,17349.281,77.491,71.928,3482.96,2618.438,3495.76,14.156,3.876,970.887,19561.799,2.409,2.111,495.08,2076.649,2762.29,18000.248,23943.34,79.018,92.017,15.272,108.55,819.329,25.989,34.57,615.959,15.973,111.47,608.432,809.317,0.989,3.149,2611.15,31.261,417.752,1789.895,478.857,636.96,1345.616,18.221,6.879,30.451,475.807,2077.122,551.412,733.47,1561.55,20.982,7.983,-12.8,-0.368,10.082,15.844,184.426,51.415,68.39,138.649,1.956,0.709,2.191,94.524,4408.092,14.141,18.81,3313.938,2.212,47.932,1665.063,2214.813,0.538,16.941,47.384,14.866,,50.725,15.955,11.176,,35.623,0.425,,0.182,2628.061,26020.463,32.912,459.963,1892.696,499.997,665.08,1422.901,19.025,7.274,33.333,0.105,0.427,0.113,0.15,0.321,0.004,0.002,139.082,21.318,36.812,9.848,13.1,27.675,0.375,0.141;;;;;;;;;;;;,large_scale
China,2009.0,99.2089,53.5,150.78,13.43,2980.2,70.05,664.39,19.7715,20281.068,8.95,7719069.824,6.9355316,9.398725632,3832.236432,153.0,9596960.0,35.86166,104.195397,CHN,1339125632.0,11572544012288.0,9.404,1.71,14.852,19.889,15.577,20.86,0.562,0.073,753.029,4.751,889.1,14640.164,19605.02,2174.195,2911.52,3.09,536.07,13355.992,17885.352,78.38,72.186,3703.26,2765.431,3714.64,14.374,4.375,1138.436,20281.068,2.347,4.779,1144.219,2225.482,2980.2,18734.283,25087.559,80.229,92.373,10.119,82.911,902.24,42.237,56.56,673.753,6.188,50.081,641.76,859.398,1.523,3.322,2797.23,-3.347,-70.578,1719.316,459.733,615.64,1283.91,16.573,6.331,0.357,-5.782,2071.34,548.447,734.44,1546.786,19.771,7.627,-11.38,-0.307,2.422,3.3,187.726,52.31,70.05,140.186,1.886,0.691,3.907,172.207,4580.298,9.051,12.12,3420.365,-0.499,-11.044,1645.677,2203.769,0.326,16.865,66.509,20.859,,40.316,19.125,15.577,,49.666,0.562,,0.245,2773.929,27158.898,0.151,-9.082,1883.614,496.137,664.39,1406.6,17.886,6.936,83.553,0.352,0.779,0.209,0.28,0.582,0.008,0.003,110.802,40.309,77.121,20.618,27.61,57.59,0.743,0.284;;;;;;;;;;;;,large_scale
China,2010.0,99.7,55.6,170.41,12.26,3326.19,74.74,786.38,20.564993,21551.547,8.93,8474919.922,7.615998,10.63587106,4550.453108,153.0,9596960.0,35.86166,104.195397,CHN,1348191360.0,12858808074240.0,-0.463,-0.092,14.684,19.797,18.469,24.9,0.592,0.068,740.64,3.752,735.521,15087.28,20340.541,2398.473,3233.6,8.286,1481.898,14365.356,19367.25,76.859,70.006,4193.65,3110.575,4207.16,15.285,6.984,1896.711,21551.547,2.26,6.203,1556.213,2481.873,3346.04,19762.604,26643.771,79.532,91.699,20.671,186.5,1088.74,57.655,77.73,807.556,12.34,106.048,716.104,965.445,1.848,3.747,3115.99,15.551,255.184,1974.5,527.655,711.38,1464.555,16.909,6.796,16.781,340.496,2411.836,638.722,861.12,1788.942,20.468,8.301,-13.51,-0.322,6.698,11.344,199.071,55.437,74.74,147.658,1.776,0.685,13.846,634.192,5214.49,25.746,34.71,3867.767,7.137,157.284,1751.274,2361.053,0.825,17.947,79.411,24.9,,19.372,12.902,18.469,,58.902,0.592,,0.273,3120.596,29055.609,17.813,329.152,2212.766,583.285,786.38,1641.285,18.691,7.616,151.254,1.167,1.946,0.519,0.7,1.443,0.017,0.007,78.887,59.992,137.113,36.642,49.4,101.701,1.174,0.472;;;;;;;;;;;;,large_scale
China,2011.0,99.848724,58.0,194.62,11.34,3811.77,87.2,792.38,18.748974,23090.885,8.75,9282549.805,7.084204,9.550832179,5614.352135,153.0,9596960.0,35.86166,104.195397,CHN,1357095424.0,13691527364608.0,10.629,2.104,16.138,21.901,20.36,27.63,0.586,0.07,752.231,8.864,1803.062,16316.91,22143.604,2719.684,3690.87,11.193,2167.818,15868.5,21535.068,78.312,70.664,4700.28,3463.485,4713.02,15.822,7.85,2280.926,23090.885,2.289,8.415,2242.193,2824.739,3833.44,21285.139,28885.965,81.337,92.18,24.146,262.888,1351.629,80.149,108.77,995.972,9.965,96.211,782.3,1061.656,2.308,4.313,3545.28,-3.281,-76.422,1898.078,506.995,688.04,1398.633,14.599,6.057,2.335,38.734,2450.57,648.134,879.58,1805.746,18.663,7.82,-12.74,-0.271,16.668,31.765,230.835,64.255,87.2,170.095,1.85,0.737,3.38,176.243,5390.733,24.906,33.8,3972.258,-0.068,-1.611,1738.597,2359.442,0.717,17.203,88.139,27.632,,10.971,8.728,20.361,,64.947,0.586,,0.281,3472.873,31336.535,1.006,6.969,2219.735,583.879,792.38,1635.651,16.813,7.084,272.325,5.254,7.2,1.923,2.61,5.306,0.055,0.023,50.001,67.304,204.416,54.602,74.1,150.628,1.572,0.652;;;;;;;;;;;;,large_scale
China,2012.0,99.96193,60.7,218.25,11.53,3869.38,98.32,999.56,22.102327,23873.234,8.41,9541870.117,8.522597,7.863736449,6300.615118,153.0,9596960.0,35.86166,104.195397,CHN,1366560768.0,14773157625856.0,17.792,3.897,18.878,25.797,22.048,30.13,0.604,0.079,720.151,1.259,278.754,16407.875,22422.357,2742.791,3748.19,1.181,254.234,15944.628,21789.303,75.151,68.729,4976.76,3641.814,4987.54,16.241,4.109,1287.643,23873.199,2.208,2.421,699.467,2846.313,3889.66,21649.555,29585.432,77.988,90.686,11.626,157.147,1508.776,80.677,110.25,1104.068,5.004,53.125,815.756,1114.781,2.211,4.625,3591.78,25.398,467.647,2365.726,631.359,862.79,1731.153,17.299,7.251,24.648,588.176,3038.746,803.389,1097.88,2223.645,22.012,9.314,-10.78,-0.217,12.75,27.855,258.69,71.947,98.32,189.3,1.971,0.793,4.889,263.566,5654.299,22.846,31.22,4137.613,2.269,53.527,1765.724,2412.969,0.626,17.332,96.12,30.133,,9.051,7.981,22.05,,70.337,0.604,,0.295,3649.702,32624.178,25.922,560.321,2780.055,731.442,999.56,2034.344,20.041,8.521,37.721,2.656,9.856,2.627,3.59,7.212,0.072,0.03,39.069,78.14,282.556,75.408,103.05,206.764,2.066,0.866;;;;;;;;;;;;,large_scale
China,2013.0,99.996445,63.2,258.3,11.45,4203.77,111.5,1093.37,22.276764,24600.36,8.05,9984570.313,8.959421,7.766150098,7020.338485,153.0,9596960.0,35.86166,104.195397,CHN,1376100352.0,15925464006656.0,37.161,9.586,25.713,35.384,26.982,37.13,0.684,0.105,717.389,2.14,479.773,16642.777,22902.131,2962.989,4077.37,1.124,244.834,16012.013,22034.137,75.067,67.653,5420.4,3938.957,5431.63,17.097,3.765,1228.385,24600.359,2.126,3.187,942.955,3071.549,4226.76,22184.709,30528.387,77.818,90.18,13.919,210.01,1718.785,84.58,116.39,1249.026,9.269,103.326,885.188,1218.107,2.143,5.077,3896.59,5.426,113.348,2479.073,661.006,909.61,1801.521,16.747,7.323,10.375,285.433,3324.179,875.568,1204.87,2415.652,22.182,9.82,-11.23,-0.207,13.408,32.918,291.608,81.026,111.5,211.909,2.053,0.861,4.477,253.17,5907.47,23.981,33.0,4292.906,1.196,28.857,1774.454,2441.827,0.608,17.451,118.464,37.133,,23.23,22.344,26.984,,86.087,0.684,,0.35,3947.118,33852.562,10.084,252.516,3032.571,794.542,1093.37,2203.743,20.13,8.958,132.963,12.966,22.822,6.082,8.37,16.585,0.154,0.067,34.172,94.271,376.828,100.472,138.26,273.837,2.545,1.113;;;;;;;;;;;;,large_scale
China,2014.0,100.0,66.0,296.29,11.94,4345.86,133.22,1289.23,24.659735,25072.023,7.69,10006669.92,10.19733,7.425763656,7636.116601,153.0,9596960.0,35.86166,104.195397,CHN,1385189632.0,17103948087296.0,4.44,1.571,26.678,36.955,33.403,46.27,0.799,0.106,693.728,-0.425,-97.428,16463.236,22804.703,3034.285,4203.06,-1.604,-353.375,15651.837,21680.762,72.536,65.665,5783.04,4174.909,5794.45,17.945,2.589,876.504,25071.705,2.03,0.991,302.463,3156.247,4372.0,22257.494,30830.85,75.452,88.775,9.591,164.846,1883.631,96.218,133.28,1359.836,7.692,93.701,947.024,1311.808,2.3,5.424,4019.77,16.499,391.735,2870.808,765.014,1059.69,2072.502,18.288,8.266,17.669,574.035,3898.214,1026.899,1422.45,2814.209,24.548,11.225,-11.41,-0.197,19.477,54.71,346.318,96.175,133.22,250.015,2.299,0.997,3.979,235.047,6142.517,25.744,35.66,4434.423,0.7,17.093,1775.15,2458.919,0.615,17.687,147.624,46.268,,24.601,29.16,33.402,,106.573,0.798,,0.425,4183.146,34729.066,17.49,519.325,3551.896,930.725,1289.23,2564.195,22.249,10.227,180.78,40.874,63.697,16.972,23.51,45.984,0.406,0.183,15.549,55.985,432.813,115.334,159.76,312.457,2.757,1.246;;;;;;;;;;;;,large_scale
China,2015.0,100.0,68.4,340.55,12.18,4222.76,171.38,1393.66,27.040327,25209.49,7.21,9861099.609,10.787498,7.041328879,8016.431435,153.0,9596960.0,35.86166,104.195397,CHN,1393715456.0,18301224747008.0,-26.129,-9.656,19.587,27.299,38.796,54.07,0.93,0.078,667.715,-2.086,-475.662,16021.233,22329.041,2903.154,4046.17,-1.876,-406.805,15264.204,21273.957,69.587,63.55,5802.14,4163.074,5814.58,17.903,1.172,406.922,25210.303,1.92,0.178,54.982,3049.073,4249.54,22160.787,30885.832,73.084,87.904,3.359,63.264,1946.895,119.759,166.91,1396.91,3.421,44.88,973.433,1356.689,2.871,5.541,3882.48,5.174,130.551,3001.359,799.675,1114.52,2153.495,19.168,8.542,9.108,351.94,4250.154,1122.927,1565.04,3049.513,26.916,12.096,-12.44,-0.214,28.645,96.552,442.87,122.966,171.38,317.762,2.947,1.26,7.609,467.379,6609.896,26.16,36.46,4742.644,1.481,36.414,1790.418,2495.333,0.627,18.812,172.514,54.07,,16.863,24.89,38.796,,123.78,0.93,,0.491,4172.0,35135.988,7.146,255.388,3807.284,999.96,1393.66,2731.751,23.968,10.836,67.916,42.623,106.32,28.327,39.48,76.285,0.679,0.303,16.167,66.98,499.793,133.162,185.59,358.604,3.192,1.422;;;;;;;;;;;;,large_scale
China,2016.0,100.0,70.6,382.59,12.56,4355.0,213.18,1522.79,28.500713,25164.803,6.71,9874660.156,11.530947,6.848762205,8094.363367,153.0,9596960.0,35.86166,104.195397,CHN,1401889664.0,19545710395392.0,1.889,0.516,19.841,27.815,44.319,62.13,1.013,0.079,651.666,-2.926,-653.262,15461.83,21675.779,2964.82,4156.35,-7.534,-1602.725,14031.94,19671.232,67.768,61.443,6120.44,4365.85,6133.16,18.954,0.403,141.723,25164.398,1.805,-0.946,-292.064,3136.616,4397.19,21823.234,30593.768,71.695,86.723,7.577,147.516,2094.411,134.304,188.28,1493.991,1.675,22.727,983.969,1379.416,3.07,5.937,3996.77,3.477,85.981,3087.34,822.654,1153.27,2202.271,18.804,8.752,10.767,433.79,4683.943,1238.307,1735.97,3341.164,28.305,13.277,-12.72,-0.208,24.391,104.759,547.629,152.066,213.18,390.636,3.476,1.552,3.233,213.683,6823.578,37.492,52.56,4867.415,-6.933,-172.996,1656.576,2322.336,0.857,19.342,198.27,62.135,,14.915,25.756,44.322,,141.43,1.013,,0.562,4374.924,35277.711,9.124,329.031,4136.315,1086.241,1522.79,2950.528,24.829,11.725,68.508,71.778,178.098,47.457,66.53,127.041,1.085,0.505,29.78,145.0,644.793,171.811,240.86,459.945,3.927,1.828;;;;;;;;;;;;,large_scale
China,2017.0,100.0,73.2,436.9,13.13,4643.1,248.1,1667.06,29.20226,25987.611,6.51,10096009.77,12.138821,6.947200793,8816.986905,153.0,9596960.0,35.86166,104.195397,CHN,1410275968.0,20894363680768.0,-6.755,-1.879,18.391,25.936,56.443,79.6,1.205,0.071,644.167,1.106,239.664,15539.826,21915.443,3141.25,4430.03,3.329,654.877,14412.859,20326.109,67.077,59.798,6591.39,4673.83,6604.44,19.743,3.888,1371.672,25987.383,1.754,2.999,917.369,3325.079,4689.28,22343.951,31511.137,71.002,85.98,15.189,318.111,2412.522,144.085,203.2,1710.673,8.161,112.579,1057.945,1491.995,3.077,6.583,4254.36,1.023,13.236,3100.576,826.122,1165.06,2198.56,17.641,8.46,10.053,454.303,5138.246,1358.004,1915.16,3643.433,28.998,14.02,-13.05,-0.198,16.381,85.96,633.589,175.923,248.1,449.266,3.757,1.729,5.27,359.594,7183.172,39.744,56.05,5093.451,-4.096,-95.122,1579.276,2227.215,0.849,19.6,254.016,79.599,,28.107,55.746,56.442,,180.118,1.205,,0.693,4683.083,36649.383,9.183,368.342,4504.657,1182.081,1667.06,3194.167,25.242,12.291,77.068,135.402,313.5,83.53,117.8,222.297,1.784,0.855,26.463,165.836,810.629,215.986,304.6,574.802,4.612,2.212;;;;;;;;;;;;,large_scale
China,2018.0,100.0,75.6,487.16,13.71,4990.28,295.0,1835.32,29.917704,27109.42,6.39,10502929.69,12.807393,6.749773832,9905.342004,153.0,9596960.0,35.86166,104.195397,CHN,1417069440.0,22294286041088.0,29.818,7.733,23.76,33.669,66.144,93.73,1.308,0.088,636.876,1.993,436.703,15773.501,22352.146,3361.811,4763.92,5.052,1026.84,15068.386,21352.949,66.478,58.194,7150.92,5046.273,7166.14,20.543,4.803,1760.262,27104.984,1.723,3.837,1209.01,3553.686,5035.82,23090.01,32720.146,70.272,85.187,17.688,426.738,2839.26,152.074,215.5,2003.614,8.19,122.194,1139.103,1614.188,3.007,7.392,4563.94,2.903,71.352,3171.928,846.035,1198.89,2238.371,16.73,8.258,11.482,551.25,5689.496,1503.328,2130.32,4014.973,29.728,14.813,-15.22,-0.213,18.904,115.366,748.955,208.176,295.0,528.524,4.117,1.95,4.811,345.569,7528.741,39.8,56.4,5312.895,-1.139,-25.377,1553.797,2201.838,0.787,19.601,299.108,93.725,,17.747,45.092,66.14,,211.075,1.308,,0.779,5057.014,38409.645,10.395,435.884,4940.542,1295.152,1835.32,3486.45,25.611,12.863,50.17,154.529,468.029,124.835,176.9,330.28,2.469,1.219,20.092,157.178,967.807,258.138,365.8,682.964,5.105,2.52;;;;;;;;;;;;,large_scale
China,2019.0,100.0,77.6,529.28,14.45,5098.22,348.7,2014.57,31.672895,28277.445,6.31,10707219.73,13.51596,5.949714233,10143.83817,153.0,9596960.0,35.86166,104.195397,CHN,1421864064.0,23631939764224.0,7.079,2.383,25.356,36.053,79.283,112.73,1.502,0.09,619.617,2.55,570.09,16121.257,22922.236,3414.665,4855.19,3.754,801.49,15581.264,22154.439,64.706,57.037,7486.63,5265.362,7503.43,20.672,4.631,1778.898,28264.688,1.701,3.598,1177.369,3615.085,5140.16,23840.195,33897.516,68.504,84.346,8.612,244.508,3083.768,163.518,232.5,2168.821,9.492,153.226,1243.026,1767.414,3.099,7.673,4649.25,6.143,182.447,3354.375,894.98,1272.54,2359.139,16.959,8.347,10.875,601.533,6291.029,1662.093,2363.27,4424.494,31.496,15.654,-16.8,-0.224,18.203,133.071,882.026,245.241,348.7,620.331,4.647,2.195,4.818,362.77,7891.51,36.902,52.47,5550.116,1.217,26.796,1567.403,2228.634,0.699,19.636,359.759,112.725,,20.272,60.651,79.28,,253.019,1.502,,0.895,5277.178,40188.543,9.718,468.462,5409.004,1416.851,2014.57,3804.164,26.849,13.459,26.625,122.429,590.458,157.54,224.0,415.27,2.985,1.469,10.798,100.553,1068.36,285.048,405.3,751.38,5.402,2.658;;;;;;;;;;;;,large_scale
China,2020.0,100.0,79.4,621.74,,5184.13,366.2,2184.94,32.980618,29133.936,,,14.242872,2.347513573,10434.77519,153.0,9596960.0,35.86166,104.195397,CHN,1424929792.0,24151844716544.0,-23.742,-8.56,19.295,27.493,95.184,135.63,1.744,0.066,606.258,2.095,480.316,16423.652,23402.553,3454.177,4921.96,0.95,210.496,15695.465,22364.936,63.272,56.4,7762.03,5447.307,7779.07,20.851,3.248,1305.168,29119.828,1.718,2.451,830.875,3668.904,5227.93,24372.002,34728.391,67.205,83.696,9.158,282.404,3366.173,177.202,252.5,2362.343,9.77,172.678,1361.535,1940.092,3.246,8.112,4716.12,3.864,116.815,3471.19,927.561,1321.71,2436.043,16.991,8.366,7.473,474.291,6765.32,1790.362,2551.14,4747.827,32.795,16.304,-17.04,-0.22,5.019,40.863,922.889,256.995,366.2,647.673,4.708,2.224,0.864,68.156,7959.667,37.525,53.47,5586.006,1.639,36.53,1589.667,2265.164,0.687,19.183,432.86,135.626,,20.315,73.101,95.181,,303.776,1.743,,1.043,5459.265,41493.711,7.891,433.428,5842.432,1533.367,2184.94,4100.154,28.087,14.08,16.562,95.266,685.724,183.237,261.1,481.234,3.356,1.653,15.1,156.804,1225.164,327.385,466.5,859.807,5.997,2.953;;;;;;;;;;;;,large_scale
United States,2000.0,100.0,100.0,,5.43,2697.28,753.89,350.93,29.05815,93999.86,6.73,5775810.0,4.027357,4.127484017,36334.90878,36.0,9833517.0,37.09024,-95.712891,USA,282398560.0,12947416940544.0,14.606,4.716,131.032,37.003,215.051,60.73,1.597,0.139,571.163,4.426,266.441,22261.219,6286.536,6962.748,1966.27,-2.402,-155.799,22414.98,6329.958,51.715,23.681,3835.86,13583.144,3802.1,15.603,2.238,581.16,94002.734,2.05,2.768,625.6,9551.324,2697.28,82243.281,23225.385,70.942,87.49,3.993,241.279,6283.907,2177.738,614.99,22251.908,1.659,84.623,18364.127,5186.003,16.175,23.672,2171.62,-13.848,-129.646,806.552,956.202,270.03,2856.078,7.102,3.038,-0.92,-44.439,3320.85,3912.272,1104.82,11759.445,29.058,12.51,33.76,0.88,3.521,76.58,2251.771,2669.596,753.89,7973.734,19.828,8.482,1.119,117.88,10654.942,410.838,116.02,37730.16,-1.431,-58.667,14314.426,4042.373,3.051,40.137,207.284,74.82,14.09,0.158,0.609,264.945,49.894,734.013,1.968,0.371,0.781,13463.596,26546.236,-9.016,-121.019,1069.079,1242.676,350.93,3785.711,9.23,4.027,0.033,0.001,1.533,1.735,0.49,5.429,0.013,0.006,24.627,3.301,16.706,19.795,5.59,59.159,0.147,0.063;;;;;;;;;;;;,large_scale
United States,2001.0,100.0,100.0,,4.68,2678.68,768.83,280.06,28.138706,90772.18,6.54,5748260.0,3.421371,0.998340792,37133.24281,36.0,9833517.0,37.09024,-95.712891,USA,285470496.0,13073809145856.0,6.239,2.309,137.709,39.312,174.274,49.75,1.335,0.152,573.379,-2.946,-185.221,21372.84,6101.315,6669.551,1903.96,3.57,225.962,22965.316,6555.92,51.078,23.541,3749.6,13134.808,3727.57,15.637,-2.365,-627.881,90791.711,1.982,-2.045,-475.064,9383.387,2678.68,79694.125,22750.32,71.861,87.777,-4.413,-277.327,6006.58,2238.865,639.13,21040.982,2.564,132.947,18632.223,5318.95,17.146,23.175,2137.31,-22.922,-188.912,617.641,729.112,208.14,2163.588,5.584,2.383,-3.659,-152.815,3168.036,3674.25,1048.89,11097.594,28.139,12.223,22.03,0.588,1.981,29.692,2281.463,2693.203,768.83,7991.941,20.626,8.803,-0.117,-12.518,10642.425,474.97,135.59,37280.297,-0.883,-35.708,14035.304,4006.665,3.637,41.061,207.94,64.64,14.89,0.372,0.656,226.433,52.16,728.411,1.734,0.399,0.802,13057.637,25918.355,-15.36,-182.507,886.572,981.047,280.06,3105.653,7.513,3.421,10.769,0.154,1.687,1.892,0.54,5.911,0.014,0.007,20.454,3.287,19.993,23.61,6.74,70.034,0.181,0.077;;;;;;;;;;;;,large_scale
United States,2002.0,100.0,100.0,,4.84,2727.83,780.06,336.34,29.040926,91201.06,6.5,5593029.785,4.0155067,1.741695251,38023.16111,36.0,9833517.0,37.09024,-95.712891,USA,288350240.0,13307342749696.0,19.461,7.651,162.866,46.962,186.267,53.71,1.397,0.179,564.714,-0.047,-2.861,21149.467,6098.454,6704.104,1933.13,-3.461,-226.868,21949.186,6329.053,50.287,23.19,3865.21,13404.566,3844.23,15.948,1.462,378.914,91199.055,1.976,0.84,191.08,9460.128,2727.83,79560.883,22941.4,70.959,87.239,3.239,194.532,6201.112,2396.426,691.01,21505.484,-3.885,-206.662,17729.438,5112.288,17.975,23.581,2170.89,22.797,135.908,753.548,886.387,255.59,2613.31,6.649,2.866,6.712,187.833,3355.869,3871.68,1116.4,11638.168,29.041,12.761,20.98,0.543,1.462,18.413,2299.877,2705.252,780.06,7975.983,20.292,8.746,-0.006,-0.591,10641.834,359.597,103.69,36905.93,-0.756,-30.303,13790.043,3976.362,2.697,40.467,223.197,69.85,16.14,7.42,15.258,242.24,55.974,774.049,1.817,0.42,0.849,13331.809,26297.27,19.835,169.42,1055.992,1166.429,336.34,3662.185,8.749,4.016,4.744,0.069,1.756,1.907,0.55,6.09,0.014,0.007,53.685,10.535,30.528,35.894,10.35,105.87,0.269,0.116;;;;;;;;;;;;,large_scale
United States,2003.0,100.0,100.0,,5.33,2756.03,763.73,349.18,28.765244,90619.11,6.33,5658990.234,4.1800404,2.861210768,39496.48588,36.0,9833517.0,37.09024,-95.712891,USA,291109824.0,13680911581184.0,35.669,16.751,218.864,63.713,183.23,53.34,1.379,0.241,570.055,1.903,116.083,21347.74,6214.537,6780.053,1973.74,-2.809,-177.791,21130.383,6151.262,51.015,23.555,3875.36,13312.365,3868.94,15.974,0.326,85.814,90629.312,1.928,0.443,101.691,9467.32,2756.03,79156.008,23043.092,71.235,87.34,-2.89,-179.211,6021.9,2232.525,649.91,20686.01,1.296,66.271,17789.02,5178.558,16.798,22.825,2205.51,4.572,29.401,782.949,918.107,267.27,2689.532,6.908,2.968,0.972,-15.877,3339.991,3822.99,1112.91,11473.304,28.765,12.66,6.42,0.166,-2.094,-62.584,2237.292,2623.512,763.73,7685.389,19.74,8.48,1.549,164.82,10806.654,454.742,132.38,37122.258,-2.734,-108.729,13285.822,3867.633,3.422,40.961,221.493,70.19,16.85,-0.637,-1.705,241.112,57.882,760.857,1.814,0.436,0.84,13290.311,26383.084,7.461,46.707,1102.699,1199.479,349.18,3787.915,9.025,4.18,1.505,0.015,1.771,1.821,0.53,6.084,0.014,0.007,8.047,2.245,32.773,38.439,11.19,112.579,0.289,0.124;;;;;;;;;;;;,large_scale
United States,2004.0,100.0,100.0,,5.48,2818.28,788.53,345.14,28.686348,91504.484,6.22,5738290.039,4.1015115,3.798891125,41712.80107,36.0,9833517.0,37.09024,-95.712891,USA,293947872.0,14198910222336.0,26.232,16.713,273.609,80.427,182.141,53.54,1.355,0.299,566.391,0.651,40.445,21279.223,6254.982,6730.105,1978.3,3.433,211.163,21644.74,6362.425,50.059,23.253,3963.26,13482.867,3951.95,15.99,1.956,516.033,91509.82,1.894,1.986,457.604,9587.687,2818.28,79948.516,23500.695,71.314,87.366,0.405,24.376,6046.277,2415.734,710.1,20569.215,-2.847,-147.458,17115.621,5031.101,17.968,22.478,2238.35,-2.747,-26.358,756.591,884.272,259.93,2573.895,6.577,2.813,3.201,58.431,3398.422,3856.704,1133.67,11561.31,28.686,12.634,11.31,0.285,3.247,57.924,2295.216,2682.551,788.53,7808.243,19.953,8.533,3.635,392.781,11199.436,441.847,129.88,38100.074,-2.165,-83.728,12872.708,3783.905,3.286,41.635,223.007,70.49,16.95,0.86,1.515,239.804,57.663,758.663,1.784,0.429,0.829,13444.391,26899.117,3.114,0.507,1103.206,1174.154,345.14,3753.067,8.733,4.101,14.325,0.241,2.012,1.973,0.58,6.844,0.015,0.007,26.425,8.396,41.169,48.104,14.14,140.056,0.358,0.153;;;;;;;;;;;;,large_scale
United States,2005.0,100.0,100.0,,5.84,2899.96,781.99,353.04,28.129686,90654.53,6.04,5753490.234,4.219231,3.513213799,44114.74778,36.0,9833517.0,37.09024,-95.712891,USA,296842656.0,14673826021376.0,16.846,13.549,316.583,93.975,182.858,54.28,1.345,0.349,568.222,1.47,91.974,21381.551,6346.957,6780.932,2012.87,1.458,92.737,21746.072,6455.162,49.885,23.584,4059.77,13676.505,4034.99,16.307,0.05,13.447,90662.727,1.834,0.063,14.699,9769.351,2899.96,79218.383,23515.395,71.87,87.377,-1.56,-94.347,5951.93,2563.513,760.96,20050.789,-2.717,-136.692,16488.225,4894.408,18.859,22.116,2292.77,1.475,6.302,762.893,888.552,263.76,2570.024,6.537,2.835,1.186,-1.254,3397.168,3823.676,1135.03,11444.341,28.13,12.623,24.78,0.61,-0.83,-33.448,2261.768,2634.358,781.99,7619.417,19.38,8.404,0.152,17.073,11216.509,424.905,126.13,37786.043,-5.031,-190.371,12105.854,3593.534,3.126,41.678,224.874,70.92,16.64,0.907,1.866,238.914,56.057,757.552,1.758,0.412,0.836,13593.026,26912.564,5.078,32.195,1135.401,1189.317,353.04,3824.924,8.749,4.219,7.272,0.133,2.144,1.853,0.55,7.224,0.014,0.008,25.925,10.345,51.514,59.998,17.81,173.54,0.441,0.191;;;;;;;;;;;;,large_scale
United States,2006.0,100.0,100.0,,6.4,2878.56,787.22,381.16,28.870703,89067.04,5.82,5653080.078,4.6788607,2.854972294,46298.73144,36.0,9833517.0,37.09024,-95.712891,USA,299753088.0,15065164021760.0,40.143,37.725,439.362,131.7,183.017,54.86,1.356,0.493,559.825,-1.533,-97.274,20849.436,6249.683,6640.499,1990.51,2.607,168.256,22096.246,6623.418,49.186,23.407,4065.36,13562.362,4046.94,16.526,-0.79,-212.602,89073.188,1.772,-1.391,-327.182,9603.104,2878.56,77357.711,23188.213,71.129,86.847,-1.447,-86.152,5865.778,2723.708,816.44,19568.699,2.51,122.832,16737.91,5017.24,20.174,21.969,2265.58,7.175,49.595,812.488,943.076,282.69,2710.525,6.985,3.043,5.63,114.581,3511.749,3897.808,1168.38,11715.473,28.871,13.153,18.42,0.453,0.669,0.813,2262.581,2626.228,787.22,7548.15,19.452,8.474,-1.282,-143.756,11072.753,238.897,71.61,36939.578,-1.452,-52.161,11814.301,3541.373,1.769,41.471,226.212,71.37,16.51,0.667,1.339,238.096,55.079,754.663,1.764,0.408,0.847,13500.912,26699.963,14.669,113.767,1249.168,1271.58,381.16,4167.322,9.418,4.679,10.086,0.201,2.346,1.701,0.51,7.826,0.013,0.009,49.289,24.907,76.421,88.706,26.59,254.947,0.657,0.286;;;;;;;;;;;;,large_scale
United States,2007.0,100.0,100.0,,6.3,2988.24,806.42,347.91,27.865068,89395.14,5.81,5736319.824,4.3730087,1.876171454,47975.9677,36.0,9833517.0,37.09024,-95.712891,USA,302743392.0,15333184241664.0,26.305,34.643,549.454,166.344,183.456,55.54,1.341,0.615,562.656,1.347,84.167,20921.512,6333.85,6660.625,2016.46,-1.248,-82.629,21605.061,6540.789,48.677,23.401,4173.82,13786.658,4142.57,16.636,1.374,366.748,89404.797,1.765,1.689,391.699,9870.537,2988.24,77887.453,23579.912,72.135,87.118,6.403,375.605,6241.383,2961.551,896.59,20616.082,4.019,201.648,17238.654,5218.889,21.643,23.059,2330.84,-14.884,-125.252,687.236,794.766,240.61,2270.03,5.808,2.539,1.586,-24.951,3486.798,3812.899,1154.33,11517.339,27.865,12.882,31.25,0.749,2.44,40.715,2303.296,2663.708,806.42,7608.082,19.467,8.51,-0.615,-68.073,11004.68,248.362,75.19,36349.859,0.155,5.504,11715.786,3546.877,1.815,40.658,228.429,72.24,16.7,1.077,2.217,238.618,55.162,754.53,1.744,0.403,0.844,13683.437,27066.711,0.22,-65.666,1183.502,1149.191,347.91,3909.257,8.398,4.373,32.868,0.752,3.097,2.015,0.61,10.231,0.015,0.011,29.564,21.974,98.395,113.793,34.45,325.012,0.832,0.364;;;;;;;;;;;;,large_scale
United States,2008.0,100.0,100.0,,6.85,2924.21,806.21,377.11,28.808554,86378.65,5.67,5558379.883,5.0045505,-0.136579803,48382.55845,36.0,9833517.0,37.09024,-95.712891,USA,305694912.0,15288553701376.0,36.596,60.875,743.287,227.219,180.016,55.03,1.34,0.86,555.945,-1.591,-100.795,20389.789,6233.055,6496.02,1985.8,1.527,99.851,21723.098,6640.64,48.345,23.604,4140.35,13544.06,4107.53,16.968,-2.436,-659.461,86384.328,1.727,-3.319,-782.516,9565.779,2924.21,74575.648,22797.396,71.191,86.33,0.762,47.529,6288.912,2888.435,882.98,20572.512,4.633,241.786,17863.15,5460.674,21.497,23.815,2283.56,3.296,18.24,705.476,813.033,248.54,2307.778,6.051,2.672,6.579,123.055,3609.854,3870.918,1183.32,11808.681,28.809,13.67,32.82,0.793,-0.027,-14.92,2288.376,2637.303,806.21,7485.817,19.628,8.666,-6.627,-729.25,10275.43,181.325,55.43,33613.348,-0.903,-32.033,11497.881,3514.844,1.349,38.911,227.048,72.35,17.32,-0.431,-1.381,236.674,56.658,742.728,1.761,0.422,0.86,13436.697,26407.25,17.38,137.975,1321.477,1233.615,377.11,4322.863,9.181,5.004,49.082,1.492,4.589,2.813,0.86,15.012,0.021,0.017,60.706,58.75,157.145,181.096,55.36,514.058,1.348,0.595;;;;;;;;;;;;,large_scale
United States,2009.0,100.0,100.0,,7.35,2725.41,798.85,415.56,30.823996,81376.18,5.53,5156430.176,5.8000064,-2.536757067,47099.98047,36.0,9833517.0,37.09024,-95.712891,USA,308512032.0,14864003104768.0,13.607,30.918,836.716,258.137,176.622,54.49,1.383,1.028,531.222,-12.044,-750.678,17770.381,5482.376,5691.512,1755.9,-9.34,-620.218,19514.385,6020.422,44.568,21.833,3973.87,12880.762,3939.82,17.224,-4.91,-1296.725,81392.367,1.689,-6.126,-1396.498,8834.048,2725.41,69368.117,21400.898,69.176,85.227,-1.791,-112.631,6176.281,2985.232,920.98,20019.578,2.109,115.151,18073.283,5575.825,23.376,24.596,2092.92,8.157,52.838,758.314,871.344,268.82,2457.971,6.823,3.02,4.281,99.775,3709.628,3936.346,1214.41,12024.258,30.824,14.773,34.05,0.857,-0.912,-34.87,2253.506,2589.364,798.85,7304.434,20.276,8.974,-5.189,-533.189,9742.24,157.303,48.53,31578.152,6.738,236.836,12160.563,3751.68,1.232,38.797,225.447,71.96,17.47,-0.532,-1.601,233.249,56.627,730.756,1.826,0.443,0.898,12770.394,25110.525,11.513,134.645,1456.122,1346.982,415.56,4719.823,10.548,5.799,27.121,1.209,5.798,2.885,0.89,18.792,0.023,0.023,33.457,51.282,208.427,239.504,73.89,675.588,1.875,0.83;;;;;;;;;;;;,large_scale
United States,2010.0,100.0,100.0,,7.44,2882.49,806.97,424.48,29.93359,83397.48,5.52,5392109.863,5.8405547,2.56376656,48466.6576,36.0,9833517.0,37.09024,-95.712891,USA,311182848.0,15239587299328.0,14.967,38.636,953.695,296.773,180.248,56.09,1.363,1.143,536.658,5.803,318.165,18640.299,5800.542,5936.349,1847.29,1.917,115.406,19717.758,6135.828,44.903,22.35,4139.92,13303.817,4113.94,17.356,3.357,843.021,83402.883,1.703,3.619,774.488,9263.011,2882.49,71261.594,22175.387,70.066,85.443,4.949,305.654,6481.935,3174.018,987.7,20829.986,3.152,175.749,18482.941,5751.574,24.009,24.975,2207.78,-5.251,-44.228,714.086,818.49,254.7,2294.748,6.191,2.751,3.731,68.533,3778.161,3957.32,1231.45,12141.289,29.934,14.557,25.98,0.628,1.016,8.922,2262.428,2593.234,806.97,7270.414,19.616,8.717,1.547,150.669,9892.909,152.643,47.5,31791.307,3.273,122.798,12450.809,3874.478,1.155,38.118,231.142,73.92,17.83,2.6,5.695,237.545,57.298,742.784,1.797,0.433,0.891,13220.33,25953.547,7.092,59.61,1515.733,1364.086,424.48,4870.875,10.318,5.84,45.139,2.565,8.363,3.888,1.21,26.875,0.029,0.032,28.106,56.941,265.368,304.162,94.65,852.773,2.301,1.022;;;;;;;;;;;;,large_scale
United States,2011.0,100.0,100.0,,8.36,2788.93,790.2,509.74,31.792154,81962.36,5.36,5173600.098,6.8973193,1.550835505,49882.55813,36.0,9833517.0,37.09024,-95.712891,USA,313876608.0,15477885632512.0,8.285,24.587,1023.843,321.36,180.549,56.67,1.386,1.249,517.563,-5.646,-327.47,17437.016,5473.071,5522.648,1733.43,0.831,51.001,19711.023,6186.829,42.394,21.272,4126.12,13145.676,4088.87,17.493,-0.865,-224.459,81971.984,1.662,-1.906,-422.627,8885.434,2788.93,69303.539,21752.76,68.208,84.545,1.545,100.173,6582.108,3229.581,1013.69,20970.367,7.337,422.011,19668.828,6173.585,24.791,25.582,2116.25,22.863,157.912,871.998,996.984,312.93,2778.155,7.653,3.389,5.959,198.168,3976.329,4141.564,1299.94,12668.445,31.792,15.455,37.25,0.903,-2.077,-60.508,2201.92,2517.55,790.2,7015.241,19.326,8.558,-1.974,-195.329,9697.58,133.205,41.81,30896.154,3.985,154.409,12835.894,4028.887,1.023,37.691,233.103,74.81,18.14,0.95,1.961,238.342,57.793,742.658,1.83,0.444,0.906,13026.999,25729.088,15.339,258.676,1774.409,1624.014,509.74,5653.205,12.467,6.897,57.28,4.71,13.073,5.798,1.82,41.65,0.045,0.051,26.966,69.506,334.874,382.889,120.18,1066.898,2.939,1.302;;;;;;;;;;;;,large_scale
United States,2012.0,100.0,100.0,,8.73,2779.02,769.33,492.32,31.223783,79102.34,5.15,4956060.059,6.886334,2.249545852,51602.93105,36.0,9833517.0,37.09024,-95.712891,USA,316651328.0,15830887694336.0,0.193,0.619,1016.827,321.98,181.967,57.62,1.426,1.285,500.917,-11.596,-634.667,15279.911,4838.404,4781.411,1514.04,-6.951,-430.02,18180.277,5756.809,37.47,19.317,4087.93,12909.878,4040.67,17.741,-2.65,-681.721,79100.781,1.582,-2.579,-561.037,8776.277,2779.02,66924.469,21191.723,68.776,84.607,4.544,299.12,6881.228,3871.419,1225.89,21731.246,5.146,317.663,20499.672,6491.248,30.339,27.473,2024.04,-13.308,-120.625,751.373,856.747,271.29,2372.871,6.714,3.0,-2.214,-120.685,3855.644,3984.351,1261.65,12176.307,31.224,15.393,47.26,1.156,-2.641,-71.156,2130.764,2429.581,769.33,6729.055,19.04,8.507,-2.325,-225.49,9472.09,123.448,39.09,29913.312,14.103,568.193,14517.797,4597.08,0.967,37.817,236.724,75.88,18.26,1.664,3.621,239.633,57.666,747.586,1.878,0.452,0.945,12760.629,25047.367,-1.791,-49.529,1724.88,1554.77,492.32,5447.252,12.184,6.886,90.698,11.706,24.779,13.674,4.33,78.253,0.107,0.099,17.179,55.15,390.024,444.716,140.82,1231.715,3.485,1.557;;;;;;;;;;;;,large_scale
United States,2013.0,100.0,100.0,,9.08,2746.21,789.02,520.38,32.28614,80556.516,5.15,5092100.098,7.1346164,1.842081071,53106.53677,36.0,9833517.0,37.09024,-95.712891,USA,319375168.0,16122472562688.0,10.388,33.447,1112.88,355.426,190.56,60.86,1.501,1.381,501.545,3.8,183.867,15725.304,5022.271,4950.635,1581.11,-3.267,-188.096,17436.275,5568.713,38.986,19.52,4113.49,12879.806,4055.61,17.342,2.72,681.26,80559.258,1.596,2.497,529.209,8598.696,2746.21,68010.711,21720.932,67.714,84.423,2.747,189.0,7070.228,3522.002,1124.84,22137.689,1.012,65.679,20530.486,6556.927,27.735,27.48,2034.07,-2.73,-24.913,726.46,826.238,263.88,2274.628,6.507,2.824,5.178,152.053,4007.697,4099.88,1309.4,12548.557,32.286,15.577,57.88,1.407,2.559,41.357,2172.121,2470.511,789.02,6801.158,19.455,8.442,1.651,156.342,9628.432,126.059,40.26,30147.715,13.484,619.867,16334.854,5216.947,0.993,37.423,247.921,79.62,18.76,4.711,11.197,249.299,58.74,776.27,1.963,0.463,0.964,12698.577,25728.627,7.751,110.697,1835.576,1629.369,520.38,5747.398,12.831,7.134,77.489,18.936,43.715,28.305,9.04,136.876,0.223,0.17,19.186,72.03,462.054,525.526,167.84,1446.744,4.138,1.796;;;;;;;;;;;;,large_scale
United States,2014.0,100.0,100.0,,9.22,2752.01,797.17,546.83,32.81242,80725.086,5.08,5107209.961,7.262891,2.525973446,55049.98833,36.0,9833517.0,37.09024,-95.712891,USA,322033952.0,16491318607872.0,1.432,5.089,1119.494,360.515,198.706,63.99,1.562,1.387,497.758,-0.227,-11.416,15560.023,5010.856,4911.625,1581.71,1.422,79.182,17538.199,5647.896,38.616,19.276,4149.22,12884.419,4096.01,17.333,1.039,267.285,80724.133,1.576,0.946,205.49,8545.714,2752.01,68087.297,21926.422,67.188,84.346,2.155,152.376,7222.604,3498.42,1126.61,22428.084,7.478,490.337,21883.607,7047.265,27.505,27.784,2038.82,-4.051,-33.606,692.853,786.221,253.19,2151.492,6.181,2.665,1.943,61.794,4069.492,4173.473,1344.0,12636.841,32.812,15.654,53.21,1.282,1.033,9.294,2181.415,2475.422,797.17,6773.866,19.462,8.391,0.67,64.528,9692.96,135.669,43.69,30099.186,16.947,884.105,18945.369,6101.052,1.067,37.286,258.466,83.07,19.08,4.221,10.545,257.954,59.248,802.605,2.028,0.466,0.994,12719.186,25995.912,2.795,52.501,1888.077,1698.051,546.83,5862.975,13.35,7.263,82.149,35.435,79.149,89.804,28.92,245.78,0.706,0.304,8.231,35.039,497.093,564.071,181.65,1543.604,4.435,1.912;;;;;;;;;;;;,large_scale
United States,2015.0,100.0,100.0,,9.03,2730.32,797.18,556.49,33.14577,79317.37,4.88,4990709.961,7.468743,3.07551465,56863.3715,36.0,9833517.0,37.09024,-95.712891,USA,324607776.0,16937634496512.0,4.631,16.696,1162.053,377.211,196.021,63.63,1.558,1.465,474.737,-13.606,-681.778,13336.334,4329.078,4166.259,1352.4,-11.533,-651.388,15392.445,4996.507,33.115,16.814,4150.66,12786.693,4083.99,17.463,-0.956,-248.486,79318.57,1.52,-1.233,-270.438,8411.136,2730.32,66714.312,21655.984,66.854,84.109,2.952,213.19,7435.795,4107.973,1333.48,22907.014,5.048,355.767,22806.082,7403.032,32.651,28.88,1938.82,-3.635,-29.162,663.691,751.646,243.99,2044.595,5.974,2.578,1.509,21.95,4091.442,4170.171,1353.67,12604.264,33.146,15.891,66.67,1.606,0.001,-12.952,2168.462,2455.825,797.18,6680.254,19.52,8.422,2.044,198.151,9891.111,136.904,44.44,30470.963,8.091,493.634,20315.861,6594.687,1.088,38.416,257.115,82.75,19.12,-0.397,-1.351,254.923,58.902,792.08,2.026,0.468,0.999,12581.307,25747.426,2.895,34.903,1922.98,1714.346,556.49,5924.01,13.626,7.469,34.947,27.024,106.174,120.237,39.03,327.083,0.956,0.412,4.989,21.695,518.788,587.54,190.72,1598.198,4.67,2.015;;;;;;;;;;;;,large_scale
United States,2016.0,100.0,100.0,,9.46,2656.96,805.69,624.91,34.998875,78613.54,4.74,4894500.0,8.285086,1.711426774,58021.4005,36.0,9833517.0,37.09024,-95.712891,USA,327210208.0,17220065296384.0,8.488,32.017,1250.661,409.229,191.803,62.76,1.535,1.591,454.496,-8.508,-368.337,12104.576,3960.741,3787.015,1239.15,-18.271,-912.933,12479.973,4083.574,30.315,15.395,4154.06,12695.387,4087.56,17.576,-0.079,-20.375,78625.453,1.494,-1.103,-238.777,8120.04,2656.96,65453.969,21417.207,65.001,83.248,0.742,55.194,7490.989,4212.308,1378.31,22893.508,-1.749,-129.471,22229.016,7273.561,33.72,29.117,1857.78,7.024,42.414,706.105,798.05,261.13,2157.956,6.388,2.745,6.18,218.403,4309.845,4372.113,1430.6,13171.486,34.999,16.752,66.5,1.601,1.068,10.197,2178.659,2462.301,805.69,6658.287,19.711,8.468,0.752,74.364,9965.476,120.718,39.5,30455.883,-4.294,-283.157,19288.914,6311.529,0.966,38.735,253.683,81.92,19.16,-1.211,-3.432,250.359,58.556,775.292,2.004,0.469,0.986,12492.153,25727.051,10.745,208.205,2131.185,1909.812,624.91,6513.199,15.288,8.284,40.567,42.188,148.362,167.69,54.87,453.415,1.342,0.577,19.02,95.018,613.806,693.713,226.99,1875.876,5.553,2.386;;;;;;;;;;;;,large_scale
United States,2017.0,100.0,100.0,,9.92,2540.17,804.95,707.19,37.315506,78289.01,4.62,4819370.117,9.082049,2.332679395,60109.65573,36.0,9833517.0,37.09024,-95.712891,USA,329791232.0,17606123716608.0,0.202,0.825,1243.373,410.054,190.211,62.73,1.548,1.588,441.05,-2.731,-108.148,11681.913,3852.593,3656.374,1205.84,6.534,266.804,13191.312,4350.379,29.757,14.919,4108.62,12458.245,4052.31,17.439,0.376,96.793,78303.609,1.467,-0.477,-102.102,7702.357,2540.17,64632.117,21315.105,62.684,82.54,-1.216,-91.067,7399.922,3931.093,1296.44,22438.203,2.587,188.146,22625.547,7461.707,31.993,28.655,1787.27,12.527,83.783,789.888,890.988,293.84,2395.115,7.251,3.059,4.415,198.896,4508.74,4585.143,1512.14,13671.498,37.316,17.46,56.31,1.371,-0.092,-14.816,2163.843,2440.786,804.95,6561.251,19.864,8.379,0.975,97.115,10062.591,114.891,37.89,30512.002,5.798,365.962,20247.631,6677.491,0.935,38.966,253.612,81.77,19.04,0.094,-0.071,247.945,57.733,769.008,2.018,0.47,0.982,12287.501,25823.844,8.09,213.712,2344.897,2144.357,707.19,7110.247,17.452,9.08,40.847,59.372,207.734,234.33,77.28,629.895,1.907,0.804,12.031,69.804,683.609,771.094,254.3,2072.855,6.275,2.647;;;;;;;;;;;;,large_scale
United States,2018.0,100.0,100.0,,10.12,2661.3,807.08,733.17,36.659092,80583.34,4.61,4975310.059,8.964939,2.996464352,63064.41841,36.0,9833517.0,37.09024,-95.712891,USA,332140032.0,18124692783104.0,-1.325,-5.433,1218.223,404.621,186.156,61.83,1.472,1.512,435.006,-4.234,-163.134,11108.142,3689.458,3460.86,1149.49,-1.676,-72.928,12878.457,4277.451,27.359,13.783,4246.01,12783.794,4201.55,17.392,3.66,945.143,80595.484,1.477,4.212,897.748,8012.584,2661.3,66877.977,22212.854,63.341,82.98,11.077,819.71,8219.633,4423.225,1469.13,24747.492,12.7,947.654,25318.723,8409.361,34.966,30.706,1827.7,-2.457,-23.911,765.977,862.949,286.62,2306.186,6.822,2.861,1.187,47.394,4556.134,4637.351,1540.25,13717.509,36.659,17.02,44.46,1.047,0.265,-6.949,2156.894,2429.939,807.08,6493.931,19.209,8.057,2.397,241.171,10303.762,128.5,42.68,31022.342,16.62,1109.805,23445.822,7787.296,1.016,38.491,250.438,80.52,18.69,-1.096,-3.174,242.428,56.271,754.014,1.916,0.445,0.936,12649.936,26768.986,1.882,54.343,2399.24,2207.412,733.17,7223.578,17.45,8.963,20.819,41.78,249.513,281.086,93.36,751.23,2.222,0.932,7.222,45.081,728.691,820.949,272.67,2193.926,6.49,2.722;;;;;;;;;;;;,large_scale
United States,2019.0,100.0,100.0,,10.42,2588.21,809.41,760.76,37.75918,79489.016,4.51,4817720.215,9.315263,2.161176515,65279.52903,36.0,9833517.0,37.09024,-95.712891,USA,334319680.0,18540551733248.0,2.78,11.25,1243.93,415.87,172.021,57.51,1.383,1.565,413.223,-14.609,-538.999,9423.495,3150.46,2886.339,964.96,-7.21,-308.397,11872.033,3969.054,23.205,11.853,4197.42,12555.108,4158.38,17.374,-0.712,-190.492,79500.234,1.434,-1.192,-264.713,7741.722,2588.21,65650.164,21948.141,62.241,82.579,3.533,290.366,8509.999,4743.395,1585.81,25454.676,10.366,871.749,27761.186,9281.11,38.135,32.018,1718.34,-1.398,-13.492,752.485,845.329,282.61,2250.794,6.796,2.831,2.09,74.218,4630.352,4696.613,1570.17,13850.071,37.759,17.421,39.04,0.93,0.288,-1.763,2155.132,2421.066,809.41,6446.32,19.465,8.109,-0.156,-16.079,10287.683,111.989,37.44,30771.992,12.154,946.503,26124.098,8733.8,0.9,38.707,234.433,75.38,17.87,-6.194,-16.005,225.473,53.452,701.224,1.813,0.43,0.882,12438.334,26578.494,3.425,75.98,2475.22,2275.547,760.76,7403.751,18.295,9.313,14.49,35.102,284.616,319.724,106.89,851.328,2.57,1.071,8.514,59.126,787.816,885.021,295.88,2356.476,7.115,2.964;;;;;;;;;;;;,large_scale
United States,2020.0,100.0,100.0,,,2431.9,789.88,821.4,39.8518,73236.14,,,10.532232,-3.404591573,63593.44362,36.0,9833517.0,37.09024,-95.712891,USA,335942016.0,18027359764480.0,-9.029,-37.549,1126.15,378.321,162.826,54.7,1.353,1.536,387.2,-18.863,-594.279,7608.996,2556.181,2302.153,773.39,-24.92,-989.092,8870.466,2979.962,19.128,10.381,4090.49,12176.179,4043.18,18.44,-7.359,-1955.848,73294.336,1.366,-9.163,-2011.143,7239.047,2431.9,59346.547,19936.998,60.148,80.97,-1.933,-164.503,8345.496,4834.674,1624.17,24842.072,-0.355,-32.981,27528.943,9248.129,40.171,33.894,1565.52,-0.941,-9.822,742.663,833.328,279.95,2210.689,6.924,3.016,0.16,55.298,4685.649,4796.304,1611.28,13947.792,39.852,19.03,47.31,1.157,-2.413,-59.727,2095.404,2351.239,789.88,6237.399,19.536,8.51,-12.173,-1252.362,9035.32,102.22,34.34,26895.477,-5.015,-437.966,24694.244,8295.834,0.849,36.695,225.994,72.79,18.09,-3.259,-8.439,216.674,53.849,672.717,1.8,0.447,0.918,12035.351,24622.646,2.009,115.026,2590.245,2445.065,821.4,7710.394,20.316,10.52,22.29,62.163,346.779,389.115,130.72,1032.258,3.233,1.408,14.214,108.672,896.488,1005.947,337.94,2668.579,8.358,3.641;;;;;;;;;;;;,large_scale
